"X","Province","Year","HHI","CCD","ACC","GINI","POV","INC","HDI","CCD_lag_3year","AM_lag_3year","HHI_lag_3year","GINI_lag_3year","POV_lag_3year","INC_lag_3year","HDI_lag_3year"
1,"ABRA","2007",5.11523811578161,0.454545454545455,9.5,0.720380205645118,0.347,7.72996254864618,0.479,0.295620437956204,9.33333333333333,4.67223533330835,0.790939830387861,0.414,7.48862747114146,0.539
2,"ABRA","2010",5.19766941164548,0.456445993031359,10.5833333333333,0.723945299527174,0.256,8.12834876151058,0.496,0.454545454545455,9.5,5.11523811578161,0.720380205645118,0.347,7.72996254864618,0.479
3,"ABRA","2013",5.3428772013421,0.491289198606272,7.08333333333333,0.704918234599171,0.289,8.2077488854696,0.557,0.456445993031359,10.5833333333333,5.19766941164548,0.723945299527174,0.256,8.12834876151058,0.496
4,"ABRA","2016",5.01008732139383,0.458041958041958,8.94285714285714,0.738263717788458,0.186,8.5352118794189,0.569,0.491289198606272,7.08333333333333,5.3428772013421,0.704918234599171,0.289,8.2077488854696,0.557
5,"ABRA","2019",4.59069617427631,0.387931034482759,12.5833333333333,0.745029402433836,0.215,8.39098608227912,0.61,0.458041958041958,8.94285714285714,5.01008732139383,0.738263717788458,0.186,8.5352118794189,0.569
8,"AGUSAN DEL NORTE","2007",4.90815785246816,0.138211382113821,4,0.848499011738033,0.394,6.51222441516211,0.528,0.138686131386861,3.5,4.85044029571253,0.849622615530846,0.373,6.28459636356713,0.527
9,"AGUSAN DEL NORTE","2010",4.96505088739292,0.182481751824817,2.66666666666667,0.842405622357681,0.266,6.74352806460803,0.566,0.138211382113821,4,4.90815785246816,0.848499011738033,0.394,6.51222441516211,0.528
10,"AGUSAN DEL NORTE","2013",5.07051921680624,0.196850393700787,5.16666666666667,0.845669263075426,0.328,6.85079029767997,0.585,0.182481751824817,2.66666666666667,4.96505088739292,0.842405622357681,0.266,6.74352806460803,0.566
11,"AGUSAN DEL NORTE","2016",4.96822611217116,0.253623188405797,7.33333333333333,0.761565515223013,0.244,7.182036179005,0.597,0.196850393700787,5.16666666666667,5.07051921680624,0.845669263075426,0.328,6.85079029767997,0.585
12,"AGUSAN DEL NORTE","2019",5.18621414736795,0.240601503759398,5.8,0.809523784942379,0.308,7.32617853645334,0.62,0.253623188405797,7.33333333333333,4.96822611217116,0.761565515223013,0.244,7.182036179005,0.597
15,"AGUSAN DEL SUR","2007",5.432242632325,0.252032520325203,2.33333333333333,0.842846936597588,0.527,7.12983148168242,0.438,0.202614379084967,2.16666666666667,5.2115923741749,0.865715288645149,0.454,6.86539559010733,0.415
16,"AGUSAN DEL SUR","2010",5.57371572359335,0.309677419354839,3.5,0.845051010055726,0.396,7.41105709737532,0.4,0.252032520325203,2.33333333333333,5.432242632325,0.842846936597588,0.527,7.12983148168242,0.438
17,"AGUSAN DEL SUR","2013",5.40758885271938,0.329032258064516,4.5,0.765111959747468,0.478,7.52424235515995,0.476,0.309677419354839,3.5,5.57371572359335,0.845051010055726,0.396,7.41105709737532,0.4
18,"AGUSAN DEL SUR","2016",5.26874426582571,0.285714285714286,4,0.812865784174957,0.379,7.80994684753153,0.478,0.329032258064516,4.5,5.40758885271938,0.765111959747468,0.478,7.52424235515995,0.476
19,"AGUSAN DEL SUR","2019",5.5085842149219,0.313725490196078,2.41666666666667,0.776649639018183,0.413,8.06845399266844,0.62,0.285714285714286,4,5.26874426582571,0.812865784174957,0.379,7.80994684753153,0.478
22,"AKLAN","2007",5.14299419504192,0.393258426966292,4.83333333333333,0.656481239547959,0.33,6.93203459544572,0.492,0.379679144385027,6.08333333333333,5.09129830248496,0.637977579383926,0.321,6.52143681217603,0.465
23,"AKLAN","2010",5.05003972881437,0.365168539325843,7.66666666666667,0.70310773017693,0.152,7.32602106570133,0.496,0.393258426966292,4.83333333333333,5.14299419504192,0.656481239547959,0.33,6.93203459544572,0.492
24,"AKLAN","2013",5.37946740645526,0.446327683615819,6.83333333333333,0.647218928919131,0.161,7.61124472199587,0.61,0.365168539325843,7.66666666666667,5.05003972881437,0.70310773017693,0.152,7.32602106570133,0.496
25,"AKLAN","2016",5.40208328689971,0.436170212765957,3.69444444444444,0.674741321982523,0.121,7.83590460338381,0.657,0.446327683615819,6.83333333333333,5.37946740645526,0.647218928919131,0.161,7.61124472199587,0.61
26,"AKLAN","2019",5.61458928540032,0.45,4.66666666666667,0.645309486943645,0.202,8.006118921407,0.66,0.436170212765957,3.69444444444444,5.40208328689971,0.674741321982523,0.121,7.83590460338381,0.657
29,"ALBAY","2007",4.41798152154623,0.178217821782178,7,0.842887877563783,0.299,6.40133379440867,0.573,0.17910447761194,8.91666666666667,4.45402689638546,0.810515742777941,0.308,6.17970702808377,0.529
30,"ALBAY","2010",4.48967614342706,0.194029850746269,7.66666666666667,0.809016393160897,0.342,6.88734830498727,0.534,0.178217821782178,7,4.41798152154623,0.842887877563783,0.299,6.40133379440867,0.573
31,"ALBAY","2013",4.44607251775142,0.195,10.0833333333333,0.790567524834188,0.262,6.77926861105243,0.523,0.194029850746269,7.66666666666667,4.48967614342706,0.809016393160897,0.342,6.88734830498727,0.534
32,"ALBAY","2016",4.59786241888674,0.238578680203046,6.91666666666667,0.781999189429318,0.212,7.08524963774685,0.606,0.195,10.0833333333333,4.44607251775142,0.790567524834188,0.262,6.77926861105243,0.523
33,"ALBAY","2019",4.41954029045654,0.185714285714286,8.7,0.813463355017482,0.204,7.34869916819656,0.6,0.238578680203046,6.91666666666667,4.59786241888674,0.781999189429318,0.212,7.08524963774685,0.606
36,"ANTIQUE","2007",4.95271425097784,0.337142857142857,5.33333333333333,0.726948782639405,0.337,6.77319741262795,0.45,0.271794871794872,7.33333333333333,4.71501687531224,0.774997419278375,0.391,6.56416222660346,0.505
37,"ANTIQUE","2010",5.13673851769899,0.355670103092783,10,0.724806183383411,0.207,7.29518188720592,0.533,0.337142857142857,5.33333333333333,4.95271425097784,0.726948782639405,0.337,6.77319741262795,0.45
38,"ANTIQUE","2013",5.01810558259374,0.325153374233129,9.21666666666667,0.781221823376933,0.26,7.36494670004511,0.606,0.355670103092783,10,5.13673851769899,0.724806183383411,0.207,7.29518188720592,0.533
39,"ANTIQUE","2016",5.14176206260319,0.401041666666667,9.08333333333333,0.645433902261251,0.191,7.64416333389564,0.708,0.325153374233129,9.21666666666667,5.01810558259374,0.781221823376933,0.26,7.36494670004511,0.606
40,"ANTIQUE","2019",4.99551804038558,0.298969072164949,8.46666666666667,0.676727066544127,0.237,7.94810490211345,0.64,0.401041666666667,9.08333333333333,5.14176206260319,0.645433902261251,0.191,7.64416333389564,0.708
43,"APAYAO","2007",5.85169425159559,0.28169014084507,2.4,0.766100855531995,0.286,8.25633637773367,0.44,0.222222222222222,0.75,5.66054259839443,0.787914196429467,0.315,7.89453683148369,0.472
44,"APAYAO","2010",5.86788348533663,0.292682926829268,2,0.744141897702336,0.453,8.30613810974408,0.527,0.28169014084507,2.4,5.85169425159559,0.766100855531995,0.286,8.25633637773367,0.44
45,"APAYAO","2013",5.90126627918983,0.353658536585366,2.66666666666667,0.706131973153954,0.433,8.42182868741638,0.399,0.292682926829268,2,5.86788348533663,0.744141897702336,0.453,8.30613810974408,0.527
46,"APAYAO","2016",5.75154046142368,0.341463414634146,4.5,0.712404590789284,0.197,8.79875113657275,0.57,0.353658536585366,2.66666666666667,5.90126627918983,0.706131973153954,0.433,8.42182868741638,0.399
47,"APAYAO","2019",5.54737950687993,0.247058823529412,2,0.743306260799251,0.068,9.03942088486138,0.56,0.341463414634146,4.5,5.75154046142368,0.712404590789284,0.197,8.79875113657275,0.57
50,"AURORA","2007",5.59245066867814,0.274725274725275,3,0.805806115923458,0.031,7.47335941804145,0.59,0.25,4,5.52752551758502,0.837768593544248,0.092,7.19485452287234,0.565
51,"AURORA","2010",5.71181596322503,0.344444444444444,2.5,0.765353020800877,0.14,7.82876857278573,0.661,0.274725274725275,3,5.59245066867814,0.805806115923458,0.031,7.47335941804145,0.59
52,"AURORA","2013",5.46019302578337,0.292682926829268,5.33333333333333,0.700125053639562,0.338,7.85566288798284,0.564,0.344444444444444,2.5,5.71181596322503,0.765353020800877,0.14,7.82876857278573,0.661
53,"AURORA","2016",5.48310165486992,0.24468085106383,2.25,0.725454514128101,0.164,8.13172110424294,0.763,0.292682926829268,5.33333333333333,5.46019302578337,0.700125053639562,0.338,7.85566288798284,0.564
54,"AURORA","2019",5.53029466024933,0.237623762376238,4,0.798969651372027,0.216,8.3542248089296,0.63,0.24468085106383,2.25,5.48310165486992,0.725454514128101,0.164,8.13172110424294,0.763
57,"BASILAN","2007",5.37375698498968,0.185185185185185,3.5,0.820020784023826,0.208,6.95771543939134,0.411,0.120481927710843,1.16666666666667,5.31225287888371,0.865872961996476,0.189,6.69301056200823,0.38
58,"BASILAN","2010",5.02635136748543,0.241379310344828,6,0.808255939997379,0.291,7.1508308962738,0.362,0.185185185185185,3.5,5.37375698498968,0.820020784023826,0.208,6.95771543939134,0.411
59,"BASILAN","2013",5.01774060037182,0.251700680272109,6.11666666666667,0.7679634133252,0.455,7.20690375746412,0.445,0.241379310344828,6,5.02635136748543,0.808255939997379,0.291,7.1508308962738,0.362
60,"BASILAN","2016",5.46390713175534,0.381578947368421,6.28333333333333,0.698177297150906,0.735,7.3755489806357,0.459,0.251700680272109,6.11666666666667,5.01774060037182,0.7679634133252,0.455,7.20690375746412,0.445
61,"BASILAN","2019",5.69915818895909,0.369565217391304,4.5,0.732576478300172,0.535,7.58482040931724,0.57,0.381578947368421,6.28333333333333,5.46390713175534,0.698177297150906,0.735,7.3755489806357,0.459
64,"BATAAN","2007",5.40837015784782,0.392592592592593,4.16666666666667,0.759397344524425,0.047,7.44290419934486,0.673,0.311111111111111,3.83333333333333,5.43547654023317,0.757816280073823,0.063,6.7396027480386,0.644
65,"BATAAN","2010",5.54075601533015,0.407407407407407,4.47619047619048,0.742364418888308,0.037,7.36125325569493,0.696,0.392592592592593,4.16666666666667,5.40837015784782,0.759397344524425,0.047,7.44290419934486,0.673
66,"BATAAN","2013",5.45272268515816,0.324786324786325,3.66666666666667,0.794254203693247,0.012,7.42332262539147,0.705,0.407407407407407,4.47619047619048,5.54075601533015,0.742364418888308,0.037,7.36125325569493,0.696
67,"BATAAN","2016",5.92042865638309,0.462686567164179,4.5,0.792497441764685,0.079,7.72616459597842,0.793,0.324786324786325,3.66666666666667,5.45272268515816,0.794254203693247,0.012,7.42332262539147,0.705
68,"BATAAN","2019",5.44909155419329,0.342657342657343,7.00833333333333,0.793534857662724,0.116,8.17782739861622,0.75,0.462686567164179,4.5,5.92042865638309,0.792497441764685,0.079,7.72616459597842,0.793
71,"BATANES","2007",6.02191186391558,0.423728813559322,3,0.573675996376686,0.144,9.20407419684347,0.667,0.246376811594203,3.91666666666667,5.60340597148338,0.685558963975851,0.165,8.89295979507162,0.683
72,"BATANES","2010",5.92127302027356,0.434782608695652,2.66666666666667,0.579549092115675,0.333,9.49396683982005,0.698,0.423728813559322,3,6.02191186391558,0.573675996376686,0.144,9.20407419684347,0.667
73,"BATANES","2013",5.91152642726217,0.385714285714286,2.5,0.659026662250937,0.137,9.63162028225121,0.535,0.434782608695652,2.66666666666667,5.92127302027356,0.579549092115675,0.333,9.49396683982005,0.698
74,"BATANES","2016",6.31758766057428,0.471428571428571,0.5,0.590873001511519,0.096,9.89148515001336,0.758,0.385714285714286,2.5,5.91152642726217,0.659026662250937,0.137,9.63162028225121,0.535
75,"BATANES","2019",6.07022514461917,0.397058823529412,4,0.624166139431896,0.034,10.1173165836827,0.79,0.471428571428571,0.5,6.31758766057428,0.590873001511519,0.096,9.89148515001336,0.758
78,"BATANGAS","2007",5.71799876042911,0.571428571428571,5.16666666666667,0.734200542528601,0.122,6.39470447984871,0.642,0.46969696969697,6.5,5.29767361095484,0.740562093624286,0.115,6.36120038358783,0.654
79,"BATANGAS","2010",5.38122757732621,0.57909604519774,8.91666666666667,0.67883105441202,0.145,6.78307762737813,0.661,0.571428571428571,5.16666666666667,5.71799876042911,0.734200542528601,0.122,6.39470447984871,0.642
80,"BATANGAS","2013",5.51166283061152,0.575581395348837,6.4,0.655314816177669,0.223,6.83082872507932,0.675,0.57909604519774,8.91666666666667,5.38122757732621,0.67883105441202,0.145,6.78307762737813,0.661
81,"BATANGAS","2016",5.36359469833329,0.597297297297297,6.95,0.624045701418881,0.114,7.03699626357972,0.731,0.575581395348837,6.4,5.51166283061152,0.655314816177669,0.223,6.83082872507932,0.675
82,"BATANGAS","2019",5.29100909340497,0.527777777777778,9.16666666666667,0.659533238492907,0.063,7.34171952258168,0.74,0.597297297297297,6.95,5.36359469833329,0.624045701418881,0.114,7.03699626357972,0.731
85,"BENGUET","2007",4.56804505334916,0.153846153846154,5.33333333333333,0.814253318945442,0.032,6.66609557397711,0.811,0.101910828025478,3.5,4.46143212326461,0.866808058273519,0.034,6.31681169448895,0.773
86,"BENGUET","2010",4.59221807718262,0.146496815286624,2.58333333333333,0.829440833528354,0.018,6.85402440062557,0.828,0.153846153846154,5.33333333333333,4.56804505334916,0.814253318945442,0.032,6.66609557397711,0.811
87,"BENGUET","2013",4.59774537818612,0.118881118881119,4.66666666666667,0.852733588611752,0.036,7.03276509930048,0.841,0.146496815286624,2.58333333333333,4.59221807718262,0.829440833528354,0.018,6.85402440062557,0.828
88,"BENGUET","2016",4.49422346459941,0.126582278481013,3.5,0.81073897387052,0.06,7.30602826769222,0.85,0.118881118881119,4.66666666666667,4.59774537818612,0.852733588611752,0.036,7.03276509930048,0.841
89,"BENGUET","2019",4.52146784926692,0.111111111111111,3.66666666666667,0.892156759336019,0.056,7.49044780744218,0.88,0.126582278481013,3.5,4.49422346459941,0.81073897387052,0.06,7.30602826769222,0.85
92,"BILIRAN","2007",5.27990604382412,0.208791208791209,3.66666666666667,0.819663988774481,0.286,7.25813685777614,0.609,0.21978021978022,4.91666666666667,5.53607485056982,0.85644951956093,0.165,7.05972687232404,0.516
93,"BILIRAN","2010",5.51631344436405,0.211111111111111,3.91666666666667,0.845356522191593,0.209,7.60709576984157,0.648,0.208791208791209,3.66666666666667,5.27990604382412,0.819663988774481,0.286,7.25813685777614,0.609
94,"BILIRAN","2013",5.77242886018024,0.259259259259259,4.13333333333333,0.84793152640651,0.213,7.6657696205779,0.588,0.211111111111111,3.91666666666667,5.51631344436405,0.845356522191593,0.209,7.60709576984157,0.648
95,"BILIRAN","2016",5.85416164960337,0.241758241758242,3.5,0.86939224231077,0.196,8.04852614182982,0.772,0.259259259259259,4.13333333333333,5.77242886018024,0.84793152640651,0.213,7.6657696205779,0.588
96,"BILIRAN","2019",5.37435361804265,0.21978021978022,4.83333333333333,0.886446851973953,0.272,8.22273518045641,0.63,0.241758241758242,3.5,5.85416164960337,0.86939224231077,0.196,8.04852614182982,0.772
99,"BOHOL","2007",4.28506314268503,0.40461215932914,17.6111111111111,0.700008977323601,0.356,6.44716829349107,0.502,0.321931589537223,17.5,4.25059910799923,0.767729099538162,0.402,6.23609921784426,0.487
100,"BOHOL","2010",4.48014827559102,0.427104722792608,14.5,0.716881417578584,0.319,6.793435779653,0.546,0.40461215932914,17.6111111111111,4.28506314268503,0.700008977323601,0.356,6.44716829349107,0.502
101,"BOHOL","2013",4.4256726153049,0.409282700421941,18.0238095238095,0.732416742423784,0.308,6.90984739797421,0.596,0.427104722792608,14.5,4.48014827559102,0.716881417578584,0.319,6.793435779653,0.546
102,"BOHOL","2016",4.5720688143781,0.42798353909465,13.1333333333333,0.733364155043103,0.209,7.23753994283986,0.622,0.409282700421941,18.0238095238095,4.4256726153049,0.732416742423784,0.308,6.90984739797421,0.596
103,"BOHOL","2019",4.15377293013866,0.346774193548387,14.2916666666667,0.742741847481762,0.238,7.43997369271229,0.66,0.42798353909465,13.1333333333333,4.5720688143781,0.733364155043103,0.209,7.23753994283986,0.622
106,"BUKIDNON","2007",4.30040445023566,0.16017316017316,6.83333333333333,0.830057043876304,0.386,6.77746234545517,0.469,0.129166666666667,9.33333333333333,4.19341474315589,0.867157477228002,0.348,6.43252372616711,0.433
107,"BUKIDNON","2010",4.32917906194052,0.170124481327801,8.83333333333333,0.830775557148653,0.421,7.19655423773414,0.471,0.16017316017316,6.83333333333333,4.30040445023566,0.830057043876304,0.386,6.77746234545517,0.469
108,"BUKIDNON","2013",4.52081561986849,0.216216216216216,9.75,0.818796034369417,0.54,7.17397316792242,0.422,0.170124481327801,8.83333333333333,4.32917906194052,0.830775557148653,0.421,7.19655423773414,0.471
109,"BUKIDNON","2016",4.55265422850507,0.195744680851064,7.08333333333333,0.838838576275502,0.276,7.53378591682738,0.451,0.216216216216216,9.75,4.52081561986849,0.818796034369417,0.54,7.17397316792242,0.422
110,"BUKIDNON","2019",4.46026217504439,0.18695652173913,6.60714285714286,0.874202518620186,0.292,7.78384648714421,0.56,0.195744680851064,7.08333333333333,4.55265422850507,0.838838576275502,0.276,7.53378591682738,0.451
113,"BULACAN","2007",6.02473902766858,0.662162162162162,4.5,0.650534096093581,0.053,6.49647613784164,0.714,0.539923954372624,11.4945701357466,5.50839452556408,0.689266122184648,0.054,6.21249284945964,0.694
114,"BULACAN","2010",5.77825319729387,0.667910447761194,8,0.662715442790248,0.051,6.82685068015377,0.728,0.662162162162162,4.5,6.02473902766858,0.650534096093581,0.053,6.49647613784164,0.714
115,"BULACAN","2013",5.93531819339289,0.689393939393939,4.375,0.646590032310561,0.041,6.74977727538636,0.713,0.667910447761194,8,5.77825319729387,0.662715442790248,0.051,6.82685068015377,0.728
116,"BULACAN","2016",5.75985047271748,0.679245283018868,6.95,0.656959748811992,0.051,7.06635319233345,0.757,0.689393939393939,4.375,5.93531819339289,0.646590032310561,0.041,6.74977727538636,0.713
117,"BULACAN","2019",5.94832016207588,0.608695652173913,7.33333333333333,0.700651802199066,0.11,7.29688817903704,0.76,0.679245283018868,6.95,5.75985047271748,0.656959748811992,0.051,7.06635319233345,0.757
120,"CAGAYAN","2007",4.64033077189892,0.380327868852459,10.3333333333333,0.729562259460297,0.229,6.73525290265934,0.583,0.318471337579618,12.3333333333333,4.34556985868848,0.710881992951312,0.245,6.50653079754341,0.541
121,"CAGAYAN","2010",4.64668455169901,0.375,11.2,0.719979021622883,0.159,7.07882280354847,0.623,0.380327868852459,10.3333333333333,4.64033077189892,0.729562259460297,0.229,6.73525290265934,0.583
122,"CAGAYAN","2013",4.77660067208771,0.428115015974441,10.0333333333333,0.698498328103258,0.167,7.17028829382587,0.627,0.375,11.2,4.64668455169901,0.719979021622883,0.159,7.07882280354847,0.623
123,"CAGAYAN","2016",4.99955294771864,0.437299035369775,8.16666666666667,0.693603224682942,0.16,7.40643190563877,0.671,0.428115015974441,10.0333333333333,4.77660067208771,0.698498328103258,0.167,7.17028829382587,0.627
124,"CAGAYAN","2019",4.72197652107146,0.376899696048632,7.25,0.732055747273676,0.101,7.62513898033352,0.68,0.437299035369775,8.16666666666667,4.99955294771864,0.693603224682942,0.16,7.40643190563877,0.671
127,"CAMARINES NORTE","2007",4.79509504283402,0.161290322580645,5.16666666666667,0.802358836319175,0.32,6.88713419517779,0.46,0.191176470588235,2.75,4.83009837587285,0.805967066031752,0.309,6.63880945407315,0.454
128,"CAMARINES NORTE","2010",4.94575377861473,0.208333333333333,5.33333333333333,0.738096875091641,0.195,7.12453607483192,0.48,0.161290322580645,5.16666666666667,4.79509504283402,0.802358836319175,0.32,6.88713419517779,0.46
129,"CAMARINES NORTE","2013",4.98695842562572,0.253731343283582,6.53333333333333,0.750540366760929,0.436,7.17016216100303,0.526,0.208333333333333,5.33333333333333,4.94575377861473,0.738096875091641,0.195,7.12453607483192,0.48
130,"CAMARINES NORTE","2016",4.95890133248556,0.257352941176471,7.33333333333333,0.73762674025572,0.305,7.51083503942414,0.546,0.253731343283582,6.53333333333333,4.98695842562572,0.750540366760929,0.436,7.17016216100303,0.526
131,"CAMARINES NORTE","2019",5.01449458343432,0.255639097744361,7.875,0.752542030348324,0.222,7.76567615170093,0.59,0.257352941176471,7.33333333333333,4.95890133248556,0.73762674025572,0.305,7.51083503942414,0.546
134,"CAMARINES SUR","2007",4.2218028634019,0.287009063444109,11.25,0.71770156440867,0.424,6.25691370435856,0.441,0.214285714285714,15,3.86891177140417,0.773416041714132,0.429,5.97184686123408,0.458
135,"CAMARINES SUR","2010",4.34467645977973,0.330788804071247,9.33333333333333,0.75140771677261,0.337,6.83918364718986,0.486,0.287009063444109,11.25,4.2218028634019,0.71770156440867,0.424,6.25691370435856,0.441
136,"CAMARINES SUR","2013",4.2154251411024,0.302325581395349,15.3,0.76594222413398,0.368,6.66620449056436,0.516,0.330788804071247,9.33333333333333,4.34467645977973,0.75140771677261,0.337,6.83918364718986,0.486
137,"CAMARINES SUR","2016",4.27870556569541,0.338624338624339,13.75,0.743407217136769,0.284,6.94299471968503,0.534,0.302325581395349,15.3,4.2154251411024,0.76594222413398,0.368,6.66620449056436,0.516
138,"CAMARINES SUR","2019",4.30839544217972,0.27720207253886,13.6333333333333,0.78029223001454,0.387,7.19539360872722,0.6,0.338624338624339,13.75,4.27870556569541,0.743407217136769,0.284,6.94299471968503,0.534
141,"CAMIGUIN","2007",5.70417874967625,0.152542372881356,2.16666666666667,0.878607385954738,0.199,7.7196050358469,0.614,0.180327868852459,2.5,5.78030911780631,0.869398877640863,0.211,7.49315461648454,0.587
142,"CAMIGUIN","2010",5.83194872773465,0.186440677966102,2.16666666666667,0.869637967909502,0.509,8.06117025397873,0.564,0.152542372881356,2.16666666666667,5.70417874967625,0.878607385954738,0.199,7.7196050358469,0.614
143,"CAMIGUIN","2013",5.79211415814869,0.169491525423729,2.66666666666667,0.887299107542503,0.361,8.16503397620986,0.536,0.186440677966102,2.16666666666667,5.83194872773465,0.869637967909502,0.509,8.06117025397873,0.564
144,"CAMIGUIN","2016",6.12249280951439,0.2,1.33333333333333,0.877437623816466,0.243,8.4547879548083,0.624,0.169491525423729,2.66666666666667,5.79211415814869,0.887299107542503,0.361,8.16503397620986,0.536
145,"CAMIGUIN","2019",5.62625112049051,0.161290322580645,3.66666666666667,0.854700822839226,0.206,8.71054314493618,0.6,0.2,1.33333333333333,6.12249280951439,0.877437623816466,0.243,8.4547879548083,0.624
148,"CAPIZ","2007",4.86972592904623,0.242937853107345,2.33333333333333,0.796314578392774,0.136,6.67995530810372,0.552,0.191489361702128,6.33333333333333,4.65034469771746,0.789374036390675,0.24,6.27565305390958,0.507
149,"CAPIZ","2010",4.92228953927976,0.302702702702703,5.58333333333333,0.756365013566497,0.191,7.00852774963957,0.578,0.242937853107345,2.33333333333333,4.86972592904623,0.796314578392774,0.136,6.67995530810372,0.552
150,"CAPIZ","2013",5.04715050707135,0.331460674157303,5.96666666666667,0.719392013182826,0.117,7.0022707248873,0.629,0.302702702702703,5.58333333333333,4.92228953927976,0.756365013566497,0.191,7.00852774963957,0.578
151,"CAPIZ","2016",5.34145041874191,0.390374331550802,7.08333333333333,0.707993324040192,0.062,7.36773365476183,0.612,0.331460674157303,5.96666666666667,5.04715050707135,0.719392013182826,0.117,7.0022707248873,0.629
152,"CAPIZ","2019",4.9789823231037,0.333333333333333,8,0.682024069270619,0.095,7.66298808416221,0.65,0.390374331550802,7.08333333333333,5.34145041874191,0.707993324040192,0.062,7.36773365476183,0.612
155,"CATANDUANES","2007",5.58958836307277,0.351351351351351,2.83333333333333,0.713221308040906,0.155,7.15974287774405,0.499,0.318181818181818,3,5.50149836530974,0.744642832764669,0.248,6.98203730048839,0.687
156,"CATANDUANES","2010",5.48471450698127,0.450819672131147,2.58333333333333,0.643102427311708,0.194,7.65258991631243,0.68,0.351351351351351,2.83333333333333,5.58958836307277,0.713221308040906,0.155,7.15974287774405,0.499
157,"CATANDUANES","2013",5.86968691032466,0.48695652173913,3.08333333333333,0.620214133351181,0.434,7.72052891461192,0.511,0.450819672131147,2.58333333333333,5.48471450698127,0.643102427311708,0.194,7.65258991631243,0.68
158,"CATANDUANES","2016",5.49494239716453,0.442622950819672,6.33333333333333,0.611046040017936,0.203,7.98520317220856,0.548,0.48695652173913,3.08333333333333,5.86968691032466,0.620214133351181,0.434,7.72052891461192,0.511
159,"CATANDUANES","2019",5.69710960550069,0.473684210526316,4.5,0.546932035114594,0.235,8.16829136182345,0.59,0.442622950819672,6.33333333333333,5.49494239716453,0.611046040017936,0.203,7.98520317220856,0.548
162,"CAVITE","2007",4.89828206489229,0.395061728395062,7.83333333333333,0.681822880955371,0.019,6.46045000960407,0.74,0.346613545816733,10.2833333333333,4.78364729031673,0.738189007150398,0.006,6.12311311248145,0.726
163,"CAVITE","2010",4.99896988386746,0.392452830188679,6.125,0.71288247779805,0.016,6.87320352959442,0.726,0.395061728395062,7.83333333333333,4.89828206489229,0.681822880955371,0.019,6.46045000960407,0.74
164,"CAVITE","2013",5.23538561730491,0.501945525291829,8.79090909090909,0.634429730843619,0.09,6.58392474513224,0.733,0.392452830188679,6.125,4.99896988386746,0.71288247779805,0.016,6.87320352959442,0.726
165,"CAVITE","2016",5.1736977592713,0.483018867924528,10.3333333333333,0.673321107653093,0.053,6.78790927483127,0.748,0.501945525291829,8.79090909090909,5.23538561730491,0.634429730843619,0.09,6.58392474513224,0.733
166,"CAVITE","2019",4.76000117380071,0.394833948339483,13.8333333333333,0.652481026449526,0.101,6.99689604521243,0.78,0.483018867924528,10.3333333333333,5.1736977592713,0.673321107653093,0.053,6.78790927483127,0.748
169,"CEBU","2007",4.44177705243731,0.396363636363636,20.5,0.760431295712769,0.227,5.92124861352113,0.61,0.336917562724014,22.4166666666667,4.21832862971729,0.77291190221349,0.266,5.89865974010957,0.612
170,"CEBU","2010",4.49788847508801,0.451048951048951,20.3833333333333,0.727791635216516,0.196,6.17581518309437,0.638,0.396363636363636,20.5,4.44177705243731,0.760431295712769,0.227,5.92124861352113,0.61
171,"CEBU","2013",4.21193961970677,0.405263157894737,20.875,0.716228612046653,0.239,6.33923239316475,0.641,0.451048951048951,20.3833333333333,4.49788847508801,0.727791635216516,0.196,6.17581518309437,0.638
172,"CEBU","2016",4.26600813236426,0.410301953818828,18.9166666666667,0.716374264161312,0.148,6.53434812961106,0.668,0.405263157894737,20.875,4.21193961970677,0.716228612046653,0.239,6.33923239316475,0.641
173,"CEBU","2019",4.31116644476687,0.369676320272572,27.0738095238095,0.749753359923987,0.286,6.76258569844164,0.74,0.410301953818828,18.9166666666667,4.26600813236426,0.716374264161312,0.148,6.53434812961106,0.668
182,"COTABATO","2007",4.47364143999589,0.130208333333333,6.5,0.919893462813492,0.211,6.7009790073549,0.468,0.110552763819095,7.33333333333333,4.33765287250995,0.908291405937003,0.168,6.44560424175436,0.478
183,"COTABATO","2010",4.48088617102791,0.17156862745098,8.13333333333333,0.883015884721302,0.334,7.05037841814019,0.508,0.130208333333333,6.5,4.47364143999589,0.919893462813492,0.211,6.7009790073549,0.468
184,"COTABATO","2013",4.67894569290907,0.185185185185185,8.16666666666667,0.844191003935585,0.487,7.08676564148459,0.66,0.17156862745098,8.13333333333333,4.48088617102791,0.883015884721302,0.334,7.05037841814019,0.508
185,"COTABATO","2016",4.65120795287543,0.199004975124378,6.91666666666667,0.818353956978109,0.42,7.35696698207441,0.48,0.185185185185185,8.16666666666667,4.67894569290907,0.844191003935585,0.487,7.08676564148459,0.66
186,"COTABATO","2019",4.60492215473488,0.194174757281553,9.08333333333333,0.81371148971547,0.397,7.59284743274493,0.57,0.199004975124378,6.91666666666667,4.65120795287543,0.818353956978109,0.42,7.35696698207441,0.48
189,"DAVAO DEL NORTE","2007",4.72692451142159,0.125,4,0.893112608358638,0.201,6.46597515714031,0.476,0.0967741935483871,3,4.77264321106505,0.917562565989673,0.215,6.37688784821878,0.528
190,"DAVAO DEL NORTE","2010",4.91033192708766,0.134328358208955,4,0.884956347383345,0.218,6.78530687022715,0.513,0.125,4,4.72692451142159,0.893112608358638,0.201,6.46597515714031,0.476
191,"DAVAO DEL NORTE","2013",4.88046819924015,0.17910447761194,7.75,0.808138039172105,0.31,6.92772387191702,0.53,0.134328358208955,4,4.91033192708766,0.884956347383345,0.218,6.78530687022715,0.513
192,"DAVAO DEL NORTE","2016",4.77699865234393,0.169117647058823,7.66666666666667,0.824521151674613,0.134,7.25949849200289,0.552,0.17910447761194,7.75,4.88046819924015,0.808138039172105,0.31,6.92772387191702,0.53
193,"DAVAO DEL NORTE","2019",4.89161016974484,0.188405797101449,7.08333333333333,0.810375736075428,0.106,7.43716178931707,0.6,0.169117647058823,7.66666666666667,4.77699865234393,0.824521151674613,0.134,7.25949849200289,0.552
196,"DAVAO DEL SUR","2007",4.80037995740641,0.210227272727273,7.08333333333333,0.821357141947851,0.187,5.64468603546949,0.615,0.176470588235294,4.41666666666667,4.61458972070326,0.832029582020164,0.189,5.42043713873189,0.6
197,"DAVAO DEL SUR","2010",4.75172526449685,0.184782608695652,5.83333333333333,0.821257759735516,0.194,5.98175009827246,0.628,0.210227272727273,7.08333333333333,4.80037995740641,0.821357141947851,0.187,5.64468603546949,0.615
198,"DAVAO DEL SUR","2013",4.81235110793576,0.186335403726708,6.83333333333333,0.815532542957967,0.19,6.14069537277586,0.646,0.184782608695652,5.83333333333333,4.75172526449685,0.821257759735516,0.194,5.98175009827246,0.628
199,"DAVAO DEL SUR","2016",4.73333116608425,0.13986013986014,5.66666666666667,0.858706816577738,0.118,6.28139102524595,0.728,0.186335403726708,6.83333333333333,4.81235110793576,0.815532542957967,0.19,6.14069537277586,0.646
200,"DAVAO DEL SUR","2019",4.89671154777794,0.185714285714286,5.3,0.862662303351905,0.104,6.28609201579645,0.7,0.13986013986014,5.66666666666667,4.73333116608425,0.858706816577738,0.118,6.28139102524595,0.728
209,"DAVAO ORIENTAL","2007",5.22985199078741,0.224137931034483,4.83333333333333,0.811199937793504,0.471,6.9645526634366,0.476,0.168,4.58333333333333,4.94947671165034,0.840258585095467,0.401,6.72533576543058,0.528
210,"DAVAO ORIENTAL","2010",5.15817742379038,0.217054263565891,4.75,0.825650725507954,0.379,7.27674781178472,0.513,0.224137931034483,4.83333333333333,5.22985199078741,0.811199937793504,0.471,6.9645526634366,0.476
211,"DAVAO ORIENTAL","2013",5.1873197306757,0.217054263565891,6.6,0.794802616955353,0.311,7.36217729926127,0.53,0.217054263565891,4.75,5.15817742379038,0.825650725507954,0.379,7.27674781178472,0.513
212,"DAVAO ORIENTAL","2016",5.21564406425284,0.224806201550387,5.76666666666667,0.806509757854225,0.377,7.74621358623983,0.552,0.217054263565891,6.6,5.1873197306757,0.794802616955353,0.311,7.36217729926127,0.53
213,"DAVAO ORIENTAL","2019",5.45692239672467,0.228346456692913,6.125,0.797823318473722,0.304,7.99826059577649,0.56,0.224806201550387,5.76666666666667,5.21564406425284,0.806509757854225,0.377,7.74621358623983,0.552
222,"EASTERN SAMAR","2007",4.95997374455591,0.405857740585774,2.16666666666667,0.70672393566134,0.476,7.00777231142819,0.46,0.319502074688797,8.66666666666667,4.66194405838896,0.70318254634253,0.416,6.78657537918477,0.433
223,"EASTERN SAMAR","2010",5.0177722994114,0.460869565217391,8.875,0.61380037296689,0.548,7.39305143605802,0.448,0.405857740585774,2.16666666666667,4.95997374455591,0.70672393566134,0.476,7.00777231142819,0.46
224,"EASTERN SAMAR","2013",5.09133347725455,0.445497630331754,5.5,0.660641886804336,0.515,7.42085337432759,0.415,0.460869565217391,8.875,5.0177722994114,0.61380037296689,0.548,7.39305143605802,0.448
225,"EASTERN SAMAR","2016",5.32464888494615,0.462222222222222,5.16666666666667,0.702882308552939,0.495,7.70657901235491,0.531,0.445497630331754,5.5,5.09133347725455,0.660641886804336,0.515,7.42085337432759,0.415
226,"EASTERN SAMAR","2019",5.36833362295083,0.434782608695652,3.08333333333333,0.764116916307395,0.377,7.94646933782226,0.55,0.462222222222222,5.16666666666667,5.32464888494615,0.702882308552939,0.495,7.70657901235491,0.531
229,"GUIMARAS","2007",5.86473145495058,0.207547169811321,3.16666666666667,0.798867882188304,0.078,7.25244073884122,0.441,0.145161290322581,2.16666666666667,5.7457844103163,0.854301031129931,0.135,7.05626664544408,0.398
230,"GUIMARAS","2010",5.90856877045204,0.238095238095238,2.41666666666667,0.791801486032824,0.111,7.67754754475087,0.501,0.207547169811321,3.16666666666667,5.86473145495058,0.798867882188304,0.078,7.25244073884122,0.441
231,"GUIMARAS","2013",5.78869836825601,0.285714285714286,3.16666666666667,0.657091070643923,0.052,7.8151119995594,0.664,0.238095238095238,2.41666666666667,5.90856877045204,0.791801486032824,0.111,7.67754754475087,0.501
232,"GUIMARAS","2016",5.87574572785292,0.360655737704918,4.83333333333333,0.586022414317606,0.095,8.09052488362412,0.682,0.285714285714286,3.16666666666667,5.78869836825601,0.657091070643923,0.052,7.8151119995594,0.664
233,"GUIMARAS","2019",6.04106754153444,0.344262295081967,1.66666666666667,0.641165730357038,0.1,8.35279477985689,0.69,0.360655737704918,4.83333333333333,5.87574572785292,0.586022414317606,0.095,8.09052488362412,0.682
236,"IFUGAO","2007",5.13821200143447,0.180327868852459,2.5,0.846843062404814,0.233,7.52807176947003,0.474,0.0909090909090909,2,4.74668948556476,0.87987687024527,0.152,7.25989552871901,0.484
237,"IFUGAO","2010",4.92061608139446,0.204918032786885,3.5,0.828990455829621,0.322,7.81047731180541,0.487,0.180327868852459,2.5,5.13821200143447,0.846843062404814,0.233,7.52807176947003,0.474
238,"IFUGAO","2013",5.03606800498772,0.204918032786885,3.16666666666667,0.82482956218105,0.424,7.93720533718002,0.536,0.204918032786885,3.5,4.92061608139446,0.828990455829621,0.322,7.81047731180541,0.487
239,"IFUGAO","2016",5.24457287319731,0.233333333333333,2.75,0.796544676591316,0.145,8.2322842173039,0.532,0.204918032786885,3.16666666666667,5.03606800498772,0.82482956218105,0.424,7.93720533718002,0.536
240,"IFUGAO","2019",5.21613438143076,0.233333333333333,2.5,0.817533294091735,0.081,8.46388566118542,0.59,0.233333333333333,2.75,5.24457287319731,0.796544676591316,0.145,8.2322842173039,0.532
243,"ILOCOS NORTE","2007",5.23620943720741,0.504032258064516,7.66666666666667,0.624628453531464,0.095,7.00592963946575,0.638,0.417004048582996,8.42619047619048,5.06359004550967,0.685682566774615,0.088,6.66228246593756,0.616
244,"ILOCOS NORTE","2010",5.24069356316634,0.480519480519481,9.00952380952381,0.648954096434678,0.057,7.49166621739444,0.653,0.504032258064516,7.66666666666667,5.23620943720741,0.624628453531464,0.095,7.00592963946575,0.638
245,"ILOCOS NORTE","2013",5.4859069933833,0.536,9.36666666666667,0.643916389819439,0.08,7.45328366029265,0.745,0.480519480519481,9.00952380952381,5.24069356316634,0.648954096434678,0.057,7.49166621739444,0.653
246,"ILOCOS NORTE","2016",5.51427313573062,0.531380753138075,7.25,0.676600279812131,0.045,7.97829947442969,0.735,0.536,9.36666666666667,5.4859069933833,0.643916389819439,0.08,7.45328366029265,0.745
247,"ILOCOS NORTE","2019",5.28652596048649,0.447154471544715,9.55,0.70966936100059,0.025,8.06944711156045,0.82,0.531380753138075,7.25,5.51427313573062,0.676600279812131,0.045,7.97829947442969,0.735
250,"ILOCOS SUR","2007",4.76010697267982,0.376899696048632,10.75,0.775811580238402,0.125,6.83813040221477,0.562,0.310249307479224,13.3666666666667,4.43919374949367,0.771698956093997,0.129,6.92574184942133,0.54
251,"ILOCOS SUR","2010",4.89000745097521,0.403458213256484,10,0.783624507068725,0.075,7.95051452814426,0.603,0.376899696048632,10.75,4.76010697267982,0.775811580238402,0.125,6.83813040221477,0.562
252,"ILOCOS SUR","2013",5.07384059396959,0.437325905292479,8.35952380952381,0.780328411998101,0.139,8.23967559929523,0.682,0.403458213256484,10,4.89000745097521,0.783624507068725,0.075,7.95051452814426,0.603
253,"ILOCOS SUR","2016",5.00490728007609,0.43854748603352,7.63333333333333,0.771558449948838,0.075,8.48322257149333,0.683,0.437325905292479,8.35952380952381,5.07384059396959,0.780328411998101,0.139,8.23967559929523,0.682
254,"ILOCOS SUR","2019",4.48357805496074,0.348314606741573,12.9392857142857,0.774494728486526,0.151,8.66300729601972,0.7,0.43854748603352,7.63333333333333,5.00490728007609,0.771558449948838,0.075,8.48322257149333,0.683
257,"ILOILO","2007",4.1932396512323,0.325942350332594,15.6666666666667,0.791772442116101,0.222,6.20914266089104,0.617,0.251626898047722,18.1666666666667,3.96399616754156,0.800317722726766,0.167,6.01016944859417,0.571
258,"ILOILO","2010",4.43842696471028,0.343820224719101,11.7333333333333,0.788820906611141,0.213,6.47170649961304,0.628,0.325942350332594,15.6666666666667,4.1932396512323,0.791772442116101,0.222,6.20914266089104,0.617
259,"ILOILO","2013",4.3445932320947,0.348484848484849,13.0833333333333,0.771346497907046,0.22,6.54501048227407,0.697,0.343820224719101,11.7333333333333,4.43842696471028,0.788820906611141,0.213,6.47170649961304,0.628
260,"ILOILO","2016",4.46843670085235,0.370932754880694,14.7,0.760058765407945,0.165,7.03148190269509,0.661,0.348484848484849,13.0833333333333,4.3445932320947,0.771346497907046,0.22,6.54501048227407,0.697
261,"ILOILO","2019",4.30240325761683,0.325167037861915,17.9666666666667,0.755888786762011,0.178,7.26891884387234,0.8,0.370932754880694,14.7,4.46843670085235,0.760058765407945,0.165,7.03148190269509,0.661
264,"ISABELA","2007",4.96623075761467,0.501347708894879,12.6,0.678019753708234,0.243,6.63492437451355,0.539,0.470588235294118,14.5,4.79202592678716,0.669000354236461,0.253,6.52643188789558,0.543
265,"ISABELA","2010",5.23901972718322,0.558673469387755,12.0833333333333,0.655146866777516,0.203,6.99085515459808,0.558,0.501347708894879,12.6,4.96623075761467,0.678019753708234,0.243,6.63492437451355,0.539
266,"ISABELA","2013",5.12505575716451,0.568877551020408,13.575,0.63418328359432,0.179,7.26206003684774,0.576,0.558673469387755,12.0833333333333,5.23901972718322,0.655146866777516,0.203,6.99085515459808,0.558
267,"ISABELA","2016",5.0740615270334,0.521505376344086,13.0095238095238,0.699431836667246,0.171,7.43772319913265,0.648,0.568877551020408,13.575,5.12505575716451,0.63418328359432,0.179,7.26206003684774,0.576
268,"ISABELA","2019",4.88836210515505,0.477832512315271,16.7019230769231,0.697257344394426,0.203,7.68625600525519,0.64,0.521505376344086,13.0095238095238,5.0740615270334,0.699431836667246,0.171,7.43772319913265,0.648
271,"KALINGA","2007",4.97221277175295,0.0659340659340659,1.5,0.91208776387365,0.221,7.46380427059851,0.487,0.0444444444444444,1.5,4.95575921849269,0.915555280888971,0.356,7.25204387100824,0.448
272,"KALINGA","2010",5.51482307811802,0.217391304347826,2.16666666666667,0.796855177582407,0.14,7.7774985990366,0.55,0.0659340659340659,1.5,4.97221277175295,0.91208776387365,0.221,7.46380427059851,0.487
273,"KALINGA","2013",5.31073254227274,0.120481927710843,1.33333333333333,0.875501947476577,0.407,7.9523761369152,0.574,0.217391304347826,2.16666666666667,5.51482307811802,0.796855177582407,0.14,7.7774985990366,0.55
274,"KALINGA","2016",5.3507458188691,0.172043010752688,2,0.842632902586952,0.121,8.27470050818127,0.609,0.120481927710843,1.33333333333333,5.31073254227274,0.875501947476577,0.407,7.9523761369152,0.574
275,"KALINGA","2019",5.22308493431253,0.151162790697674,2.66666666666667,0.80526754023705,0.083,8.52188197606508,0.61,0.172043010752688,2,5.3507458188691,0.842632902586952,0.121,8.27470050818127,0.609
278,"LA UNION","2007",5.1191907006506,0.384615384615385,5.61666666666667,0.746941616059526,0.205,6.61452305529614,0.616,0.32258064516129,5.72619047619048,4.97763182229135,0.824025958137656,0.193,6.48841570674763,0.615
279,"LA UNION","2010",5.07044538923906,0.35981308411215,7.25,0.758229309935732,0.129,7.43896490101545,0.675,0.384615384615385,5.61666666666667,5.1191907006506,0.746941616059526,0.205,6.61452305529614,0.616
280,"LA UNION","2013",5.06264917298633,0.407407407407407,10.2666666666667,0.703983479893384,0.175,7.36182982000819,0.678,0.35981308411215,7.25,5.07044538923906,0.758229309935732,0.129,7.43896490101545,0.675
281,"LA UNION","2016",5.19558298746315,0.421052631578947,7.70238095238095,0.726885930266867,0.044,7.85871228365822,0.708,0.407407407407407,10.2666666666667,5.06264917298633,0.703983479893384,0.175,7.36182982000819,0.678
282,"LA UNION","2019",5.31826998853108,0.376744186046512,8.75952380952381,0.733991416343318,0.093,7.65542486251724,0.76,0.421052631578947,7.70238095238095,5.19558298746315,0.726885930266867,0.044,7.85871228365822,0.708
285,"LAGUNA","2007",4.4415735268961,0.296666666666667,7.75,0.749882528328033,0.056,6.37899780734041,0.727,0.24375,8.33333333333333,4.22798000770557,0.790312543349243,0.038,6.40922585744271,0.748
286,"LAGUNA","2010",4.36745066028118,0.289377289377289,13.6666666666667,0.737453672721376,0.037,6.6400730942387,0.729,0.296666666666667,7.75,4.4415735268961,0.749882528328033,0.056,6.37899780734041,0.727
287,"LAGUNA","2013",4.48544705440465,0.308196721311475,9.83333333333333,0.751883721197371,0.051,6.60395772369087,0.755,0.289377289377289,13.6666666666667,4.36745066028118,0.737453672721376,0.037,6.6400730942387,0.729
288,"LAGUNA","2016",4.60776314765092,0.342507645259939,15.3333333333333,0.733213124901047,0.039,6.80069195303208,0.799,0.308196721311475,9.83333333333333,4.48544705440465,0.751883721197371,0.051,6.60395772369087,0.755
289,"LAGUNA","2019",4.35737055480213,0.315028901734104,16.7833333333333,0.726634119532104,0.095,7.01022524532461,0.77,0.342507645259939,15.3333333333333,4.60776314765092,0.733213124901047,0.039,6.80069195303208,0.799
292,"LANAO DEL NORTE","2007",4.87280029258219,0.313559322033898,9.85,0.77672680871012,0.381,6.31659945699894,0.6,0.187250996015936,10,4.31218877926816,0.828852170579764,0.328,6.12515203423662,0.536
293,"LANAO DEL NORTE","2010",5.02784480777593,0.352713178294574,6.75757575757576,0.779812117521685,0.379,6.67148554427197,0.555,0.313559322033898,9.85,4.87280029258219,0.77672680871012,0.381,6.31659945699894,0.6
294,"LANAO DEL NORTE","2013",4.90937715472628,0.32520325203252,6.81666666666667,0.812307076438729,0.457,6.81532237801815,0.573,0.352713178294574,6.75757575757576,5.02784480777593,0.779812117521685,0.379,6.67148554427197,0.555
295,"LANAO DEL NORTE","2016",5.10590146418177,0.406130268199234,6.70833333333333,0.775212534655247,0.258,7.08512961845202,0.599,0.32520325203252,6.81666666666667,4.90937715472628,0.812307076438729,0.457,6.81532237801815,0.573
296,"LANAO DEL NORTE","2019",5.4623962014311,0.383064516129032,8.16969696969697,0.737392959783343,0.343,7.31148757396977,0.63,0.406130268199234,6.70833333333333,5.10590146418177,0.775212534655247,0.258,7.08512961845202,0.599
299,"LANAO DEL SUR","2007",5.08403613633339,0.455384615384615,7.33333333333333,0.6792063633532,0.442,6.76002278498192,0.374,0.296636085626911,14.1095238095238,4.56865393477822,0.754563685323742,0.325,6.53837319190424,0.459
300,"LANAO DEL SUR","2010",5.28720262275842,0.45985401459854,7.16666666666667,0.724456322560245,0.655,7.1930892385233,0.384,0.455384615384615,7.33333333333333,5.08403613633339,0.6792063633532,0.442,6.76002278498192,0.374
301,"LANAO DEL SUR","2013",5.51197234691196,0.534090909090909,7.6,0.678944725784319,0.771,7.192929216692,0.296,0.45985401459854,7.16666666666667,5.28720262275842,0.724456322560245,0.655,7.1930892385233,0.384
302,"LANAO DEL SUR","2016",5.554471638166,0.535971223021583,6.25,0.685705221616632,0.712,7.45786285883371,0.248,0.534090909090909,7.6,5.51197234691196,0.678944725784319,0.771,7.192929216692,0.296
303,"LANAO DEL SUR","2019",5.57632597242769,0.577937649880096,7.16666666666667,0.690317179766875,0.109,7.68652488329928,0.248,0.535971223021583,6.25,5.554471638166,0.685705221616632,0.712,7.45786285883371,0.248
306,"LEYTE","2007",4.3809008450537,0.356481481481482,11.4166666666667,0.744017775364371,0.319,6.32540696822843,0.534,0.287037037037037,12.1666666666667,4.31335203866396,0.806262091188853,0.335,6.10014974218919,0.506
307,"LEYTE","2010",4.23146645518157,0.328089887640449,15.4833333333333,0.77751445799582,0.347,6.82506970004061,0.588,0.356481481481482,11.4166666666667,4.3809008450537,0.744017775364371,0.319,6.32540696822843,0.534
308,"LEYTE","2013",4.19901431623207,0.275700934579439,13.2,0.815866957760382,0.328,7.52293366183,0.604,0.328089887640449,15.4833333333333,4.23146645518157,0.77751445799582,0.347,6.82506970004061,0.588
309,"LEYTE","2016",4.32981367571958,0.321266968325792,14.75,0.769363700002403,0.282,7.11780097790219,0.564,0.275700934579439,13.2,4.19901431623207,0.815866957760382,0.328,7.52293366183,0.604
310,"LEYTE","2019",4.16670251067348,0.304136253041362,17.7321428571429,0.786969628027903,0.276,7.25033660846642,0.65,0.321266968325792,14.75,4.32981367571958,0.769363700002403,0.282,7.11780097790219,0.564
313,"MAGUINDANAO","2007",5.69879913393449,0.377622377622378,5.19047619047619,0.768756657745464,0.425,5.8403975752622,0.347,0.47887323943662,8.19047619047619,5.72501575759101,0.769780278840916,0.473,6.12170318644062,0.358
314,"MAGUINDANAO","2010",6.14095504546044,0.656424581005587,7.19298245614035,0.750228717331801,0.562,6.73919726687772,0.378,0.377622377622378,5.19047619047619,5.69879913393449,0.768756657745464,0.425,5.8403975752622,0.347
315,"MAGUINDANAO","2013",6.03591042602206,0.608695652173913,7.03225806451613,0.759581245099274,0.543,6.67106836686036,0.341,0.656424581005587,7.19298245614035,6.14095504546044,0.750228717331801,0.562,6.73919726687772,0.378
316,"MAGUINDANAO","2016",6.1985617432231,0.664041994750656,5.5,0.72794811482886,0.485,6.95210469762036,0.377,0.608695652173913,7.03225806451613,6.03591042602206,0.759581245099274,0.543,6.67106836686036,0.341
317,"MAGUINDANAO","2019",6.03220237008659,0.639686684073107,10.05,0.745516109566095,0.38,7.22698099640619,0.58,0.664041994750656,5.5,6.1985617432231,0.72794811482886,0.485,6.95210469762036,0.377
320,"MARINDUQUE","2007",5.50689656250725,0.0983606557377049,1,0.884992868095632,0.256,7.07741162029812,0.486,0.112676056338028,1.5,5.32212211891684,0.821730298946832,0.305,6.84325880666717,0.463
321,"MARINDUQUE","2010",5.45054259374115,0.154929577464789,2,0.87748951057863,0.246,7.39744619737777,0.573,0.0983606557377049,1,5.50689656250725,0.884992868095632,0.256,7.07741162029812,0.486
322,"MARINDUQUE","2013",5.52782241078052,0.197183098591549,2.66666666666667,0.837675669585696,0.169,7.519042351772,0.615,0.154929577464789,2,5.45054259374115,0.87748951057863,0.246,7.39744619737777,0.573
323,"MARINDUQUE","2016",5.34788843968107,0.154929577464789,2.5,0.829577391163739,0.147,7.81157298751246,0.66,0.197183098591549,2.66666666666667,5.52782241078052,0.837675669585696,0.169,7.519042351772,0.615
324,"MARINDUQUE","2019",5.37864821481463,0.102941176470588,3,0.888744525904067,0.221,8.05847036312004,0.67,0.154929577464789,2.5,5.34788843968107,0.829577391163739,0.147,7.81157298751246,0.66
327,"MASBATE","2007",4.77123305173811,0.334862385321101,8.08333333333333,0.70848864762629,0.491,6.52487567370112,0.395,0.305676855895196,6.91666666666667,4.8890083810539,0.791575780136021,0.456,6.38265647664242,0.422
328,"MASBATE","2010",4.90370856200559,0.34070796460177,9.4,0.717766012774665,0.428,6.90764203477025,0.418,0.334862385321101,8.08333333333333,4.77123305173811,0.70848864762629,0.491,6.52487567370112,0.395
329,"MASBATE","2013",5.19100916902262,0.409691629955947,8.13333333333333,0.736749571467875,0.454,6.98346710776992,0.422,0.34070796460177,9.4,4.90370856200559,0.717766012774665,0.428,6.90764203477025,0.418
330,"MASBATE","2016",4.98989456991521,0.37719298245614,9.41666666666667,0.725642319914545,0.33,7.29752186354712,0.462,0.409691629955947,8.13333333333333,5.19100916902262,0.736749571467875,0.454,6.98346710776992,0.422
331,"MASBATE","2019",4.96784695556817,0.368421052631579,10.4583333333333,0.72203148250709,0.277,7.52068541417261,0.56,0.37719298245614,9.41666666666667,4.98989456991521,0.725642319914545,0.33,7.29752186354712,0.462
334,"MISAMIS OCCIDENTAL","2007",5.23929065937294,0.3,7.08333333333333,0.771045099891331,0.383,6.70546007859275,0.506,0.224598930481283,4.08333333333333,4.88004539222848,0.798627153088044,0.357,6.51918550741651,0.505
335,"MISAMIS OCCIDENTAL","2010",4.83810637157828,0.177631578947368,6.66666666666667,0.843151877466767,0.347,7.06878252692597,0.477,0.3,7.08333333333333,5.23929065937294,0.771045099891331,0.383,6.70546007859275,0.506
336,"MISAMIS OCCIDENTAL","2013",5.01435503916584,0.291428571428571,8.83333333333333,0.77787753157347,0.451,6.93448077897795,0.517,0.177631578947368,6.66666666666667,4.83810637157828,0.843151877466767,0.347,7.06878252692597,0.477
337,"MISAMIS OCCIDENTAL","2016",5.27826681088281,0.336842105263158,7.1,0.76894842979279,0.268,7.57005198995733,0.591,0.291428571428571,8.83333333333333,5.01435503916584,0.77787753157347,0.451,6.93448077897795,0.517
338,"MISAMIS OCCIDENTAL","2019",4.90448832306966,0.307262569832402,6.83333333333333,0.728477040979444,0.247,7.8461371191498,0.6,0.336842105263158,7.1,5.27826681088281,0.76894842979279,0.268,7.57005198995733,0.591
342,"MISAMIS ORIENTAL","2007",4.82648233109906,0.354014598540146,9.08333333333333,0.761268547767397,0.233,6.08227940786151,0.616,0.284697508896797,8.96666666666667,4.70035758023426,0.781547546639051,0.269,5.84359711216469,0.505
343,"MISAMIS ORIENTAL","2007",4.82648233109906,0.354014598540146,9.08333333333333,0.761268547767397,0.233,6.08227940786151,0.506,0.354014598540146,9.08333333333333,4.82648233109906,0.761268547767397,0.233,6.08227940786151,0.616
344,"MISAMIS ORIENTAL","2010",4.67477511089843,0.362369337979094,9.02777777777778,0.768903675137887,0.168,6.51578624596155,0.675,0.354014598540146,9.08333333333333,4.82648233109906,0.761268547767397,0.233,6.08227940786151,0.506
345,"MISAMIS ORIENTAL","2010",4.67477511089843,0.362369337979094,9.02777777777778,0.768903675137887,0.168,6.51578624596155,0.477,0.362369337979094,9.02777777777778,4.67477511089843,0.768903675137887,0.168,6.51578624596155,0.675
346,"MISAMIS ORIENTAL","2013",4.63162871993096,0.333333333333333,8.39285714285714,0.775246685294133,0.214,6.5403382419435,0.678,0.362369337979094,9.02777777777778,4.67477511089843,0.768903675137887,0.168,6.51578624596155,0.477
347,"MISAMIS ORIENTAL","2013",4.63162871993096,0.333333333333333,8.39285714285714,0.775246685294133,0.214,6.5403382419435,0.517,0.333333333333333,8.39285714285714,4.63162871993096,0.775246685294133,0.214,6.5403382419435,0.678
348,"MISAMIS ORIENTAL","2016",4.74205566285886,0.375,13.05,0.763313207756309,0.158,6.77788282438647,0.708,0.333333333333333,8.39285714285714,4.63162871993096,0.775246685294133,0.214,6.5403382419435,0.517
349,"MISAMIS ORIENTAL","2016",4.74205566285886,0.375,13.05,0.763313207756309,0.158,6.77788282438647,0.591,0.375,13.05,4.74205566285886,0.763313207756309,0.158,6.77788282438647,0.708
350,"MISAMIS ORIENTAL","2019",4.89810037186073,0.347985347985348,9.33333333333333,0.742802362055645,0.187,7.05447421482624,0.71,0.375,13.05,4.74205566285886,0.763313207756309,0.158,6.77788282438647,0.591
351,"MISAMIS ORIENTAL","2019",4.89810037186073,0.347985347985348,9.33333333333333,0.742802362055645,0.187,7.05447421482624,0.71,0.347985347985348,9.33333333333333,4.89810037186073,0.742802362055645,0.187,7.05447421482624,0.71
354,"MOUNTAIN PROVINCE","2007",4.73804135152793,0.018348623853211,0.5,0.977981384876219,0.371,7.60197254130032,0.481,0.0454545454545454,1.16666666666667,4.84377799887561,0.960165193239679,0.275,7.30432390246608,0.412
355,"MOUNTAIN PROVINCE","2010",4.74392713902875,0.0272727272727272,1,0.966233513172608,0.219,7.96514766862927,0.438,0.018348623853211,0.5,4.73804135152793,0.977981384876219,0.371,7.60197254130032,0.481
356,"MOUNTAIN PROVINCE","2013",4.72900169662557,0.036036036036036,1,0.950185169389733,0.447,8.07821256573233,0.51,0.0272727272727272,1,4.74392713902875,0.966233513172608,0.219,7.96514766862927,0.438
357,"MOUNTAIN PROVINCE","2016",4.67378064212585,0.0270270270270269,1,0.950449791075908,0.246,8.38029853885399,0.493,0.036036036036036,1,4.72900169662557,0.950185169389733,0.447,8.07821256573233,0.51
358,"MOUNTAIN PROVINCE","2019",4.72539895811276,0.0545454545454545,2.5,0.931225073758431,0.222,8.60800798683124,0.57,0.0270270270270269,1,4.67378064212585,0.950449791075908,0.246,8.38029853885399,0.493
361,"NCR, CITY OF MANILA, FIRST DISTRICT","2007",5.93143200465726,0.204545454545455,2.33333333333333,0.757575720538722,0.01,7.26854610006577,0.801,0.155555555555556,1.83333333333333,5.8473456238891,0.818079033649339,0.023,7.06033899433299,0.802
362,"NCR, CITY OF MANILA, FIRST DISTRICT","2010",6.14811835715336,0.326086956521739,1.91666666666667,0.674072651308106,0.034,7.34950239223712,0.818,0.204545454545455,2.33333333333333,5.93143200465726,0.757575720538722,0.01,7.26854610006577,0.801
363,"NCR, CITY OF MANILA, FIRST DISTRICT","2013",5.82749900299194,0.2,2,0.779710085149763,0.054,7.394737130301,0.817,0.326086956521739,1.91666666666667,6.14811835715336,0.674072651308106,0.034,7.34950239223712,0.818
364,"NCR, CITY OF MANILA, FIRST DISTRICT","2016",5.86680537291858,0.133333333333333,1,0.864197476851855,0.03,7.63055155673604,0.849,0.2,2,5.82749900299194,0.779710085149763,0.054,7.394737130301,0.817
365,"NCR, CITY OF MANILA, FIRST DISTRICT","2019",6.08048164478636,0.230769230769231,0.5,0.797093893619231,0.017,7.93583044048546,0.85,0.133333333333333,1,5.86680537291858,0.864197476851855,0.03,7.63055155673604,0.849
368,"NCR, FOURTH DISTRICT","2007",5.61552003419184,0.330708661417323,5,0.771027555042494,0.011,7.26854610006577,0.801,0.278688524590164,6.16666666666667,5.24095311637063,0.750260549951293,0.027,7.06033899433299,0.802
369,"NCR, FOURTH DISTRICT","2010",5.2983279766839,0.301587301587302,6.16666666666667,0.726608163041706,0.031,7.34950239223712,0.818,0.330708661417323,5,5.61552003419184,0.771027555042494,0.011,7.26854610006577,0.801
370,"NCR, FOURTH DISTRICT","2013",5.44695264147196,0.349206349206349,5,0.728711730181844,0.048,7.394737130301,0.817,0.301587301587302,6.16666666666667,5.2983279766839,0.726608163041706,0.031,7.34950239223712,0.818
371,"NCR, FOURTH DISTRICT","2016",5.34329718923467,0.32520325203252,6.61666666666667,0.773766916519747,0.011,7.63055155673604,0.849,0.349206349206349,5,5.44695264147196,0.728711730181844,0.048,7.394737130301,0.817
372,"NCR, FOURTH DISTRICT","2019",5.48081231298611,0.262626262626263,2.58333333333333,0.800854666630143,0.041,7.93583044048546,0.85,0.32520325203252,6.61666666666667,5.34329718923467,0.773766916519747,0.011,7.63055155673604,0.849
375,"NCR, SECOND DISTRICT","2007",5.769838940355,0.336842105263158,4.83333333333333,0.706891010726402,0.022,7.26854610006577,0.801,0.244444444444444,3.33333333333333,5.46841872959332,0.782591483593011,0.001,7.06033899433299,0.802
376,"NCR, SECOND DISTRICT","2010",6.07928713396441,0.366666666666667,3.21666666666667,0.656740567507681,0.014,7.34950239223712,0.818,0.336842105263158,4.83333333333333,5.769838940355,0.706891010726402,0.022,7.26854610006577,0.801
377,"NCR, SECOND DISTRICT","2013",5.79037344846707,0.357798165137615,4.3,0.738888874778164,0.029,7.394737130301,0.817,0.366666666666667,3.21666666666667,6.07928713396441,0.656740567507681,0.014,7.34950239223712,0.818
378,"NCR, SECOND DISTRICT","2016",5.48107561578901,0.279279279279279,5.08333333333333,0.787623364042053,0.023,7.63055155673604,0.849,0.357798165137615,4.3,5.79037344846707,0.738888874778164,0.029,7.394737130301,0.817
379,"NCR, SECOND DISTRICT","2019",6.17995744164642,0.298507462686567,2.66666666666667,0.728422788542082,0.028,7.93583044048546,0.85,0.279279279279279,5.08333333333333,5.48107561578901,0.787623364042053,0.023,7.63055155673604,0.849
382,"NCR, THIRD DISTRICT","2007",5.4708793477937,0.114754098360656,2.5,0.890235151237259,0.026,7.26854610006577,0.801,0.114754098360656,2.16666666666667,5.42779304422439,0.844085924591807,0.031,7.06033899433299,0.802
383,"NCR, THIRD DISTRICT","2010",5.69911527142512,0.186440677966102,3.5,0.820878246750027,0.022,7.34950239223712,0.818,0.114754098360656,2.5,5.4708793477937,0.890235151237259,0.026,7.26854610006577,0.801
384,"NCR, THIRD DISTRICT","2013",5.61249398611198,0.15,3,0.872142819765308,0.043,7.394737130301,0.817,0.186440677966102,3.5,5.69911527142512,0.820878246750027,0.022,7.34950239223712,0.818
385,"NCR, THIRD DISTRICT","2016",5.85272680867269,0.254237288135593,5,0.77496081257913,0.033,7.63055155673604,0.849,0.15,3,5.61249398611198,0.872142819765308,0.043,7.394737130301,0.817
386,"NCR, THIRD DISTRICT","2019",5.77229571704712,0.163636363636364,4.55,0.812353486227701,0.049,7.93583044048546,0.85,0.254237288135593,5,5.85272680867269,0.77496081257913,0.033,7.63055155673604,0.849
390,"NEGROS OCCIDENTAL","2007",4.81766250084003,0.376093294460641,8.55,0.760867244616788,0.263,6.35662437596029,0.506,0.31043956043956,14.0833333333333,4.27490650601681,0.77118145450041,0.239,6.09413020078487,0.535
391,"NEGROS OCCIDENTAL","2007",4.81766250084003,0.376093294460641,8.55,0.760867244616788,0.263,6.35662437596029,0.523,0.376093294460641,8.55,4.81766250084003,0.760867244616788,0.263,6.35662437596029,0.506
392,"NEGROS OCCIDENTAL","2010",4.63654667062985,0.379679144385027,13.9666666666667,0.735438011345541,0.277,6.49986945590624,0.477,0.376093294460641,8.55,4.81766250084003,0.760867244616788,0.263,6.35662437596029,0.523
393,"NEGROS OCCIDENTAL","2010",4.63654667062985,0.379679144385027,13.9666666666667,0.735438011345541,0.277,6.49986945590624,0.539,0.379679144385027,13.9666666666667,4.63654667062985,0.735438011345541,0.277,6.49986945590624,0.477
394,"NEGROS OCCIDENTAL","2013",4.56023328723829,0.354223433242507,12.5,0.757055200403353,0.33,6.85130490357675,0.517,0.379679144385027,13.9666666666667,4.63654667062985,0.735438011345541,0.277,6.49986945590624,0.539
395,"NEGROS OCCIDENTAL","2013",4.56023328723829,0.354223433242507,12.5,0.757055200403353,0.33,6.85130490357675,0.579,0.354223433242507,12.5,4.56023328723829,0.757055200403353,0.33,6.85130490357675,0.517
396,"NEGROS OCCIDENTAL","2016",4.80264524739055,0.387862796833773,14.9404761904762,0.750582013932957,0.194,7.20029460535342,0.591,0.354223433242507,12.5,4.56023328723829,0.757055200403353,0.33,6.85130490357675,0.579
397,"NEGROS OCCIDENTAL","2016",4.80264524739055,0.387862796833773,14.9404761904762,0.750582013932957,0.194,7.20029460535342,0.578,0.387862796833773,14.9404761904762,4.80264524739055,0.750582013932957,0.194,7.20029460535342,0.591
398,"NEGROS OCCIDENTAL","2019",4.7097351699515,0.366666666666667,14.1833333333333,0.729171984901713,0.218,7.11214009871939,0.59,0.387862796833773,14.9404761904762,4.80264524739055,0.750582013932957,0.194,7.20029460535342,0.578
399,"NEGROS OCCIDENTAL","2019",4.7097351699515,0.366666666666667,14.1833333333333,0.729171984901713,0.218,7.11214009871939,0.71,0.366666666666667,14.1833333333333,4.7097351699515,0.729171984901713,0.218,7.11214009871939,0.59
402,"NEGROS ORIENTAL","2007",4.75161271009973,0.366906474820144,9.5,0.73402619046237,0.257,6.59365310180428,0.412,0.340501792114695,8.5,4.94786376147206,0.753770231040737,0.348,6.37687176615345,0.376
403,"NEGROS ORIENTAL","2010",4.87423745436992,0.399293286219081,8.58333333333333,0.736563798539803,0.402,6.9433950092165,0.495,0.366906474820144,9.5,4.75161271009973,0.73402619046237,0.257,6.59365310180428,0.412
404,"NEGROS ORIENTAL","2013",5.05973896264322,0.399280575539568,7.33333333333333,0.761632342212876,0.426,6.99963774998996,0.52,0.399293286219081,8.58333333333333,4.87423745436992,0.736563798539803,0.402,6.9433950092165,0.495
405,"NEGROS ORIENTAL","2016",5.03225396099434,0.40530303030303,9.45,0.750657093629413,0.255,7.26200983173592,0.492,0.399280575539568,7.33333333333333,5.05973896264322,0.761632342212876,0.426,6.99963774998996,0.52
406,"NEGROS ORIENTAL","2019",4.81927356469179,0.38768115942029,12.55,0.713226317366132,0.293,7.49634182167448,0.59,0.40530303030303,9.45,5.03225396099434,0.750657093629413,0.255,7.26200983173592,0.492
415,"NORTHERN SAMAR","2007",5.16803350357646,0.388646288209607,6.66666666666667,0.753172774848875,0.425,6.77116353327914,0.461,0.315126050420168,8.16666666666667,5.15599752333756,0.791918045045454,0.404,6.61614892285831,0.419
416,"NORTHERN SAMAR","2010",5.06061024314854,0.377049180327869,7.91666666666667,0.780737691464643,0.406,7.06382046354652,0.444,0.388646288209607,6.66666666666667,5.16803350357646,0.753172774848875,0.425,6.77116353327914,0.461
417,"NORTHERN SAMAR","2013",4.85624275237096,0.340909090909091,8.41666666666667,0.759534561653646,0.603,7.3040346019842,0.459,0.377049180327869,7.91666666666667,5.06061024314854,0.780737691464643,0.406,7.06382046354652,0.444
418,"NORTHERN SAMAR","2016",5.11214910504043,0.39344262295082,4.5,0.753167530966733,0.343,7.54360846109919,0.484,0.340909090909091,8.41666666666667,4.85624275237096,0.759534561653646,0.603,7.3040346019842,0.459
419,"NORTHERN SAMAR","2019",5.20219628316561,0.418032786885246,6.91666666666667,0.763803394428512,0.259,7.81914643390826,0.57,0.39344262295082,4.5,5.11214910504043,0.753167530966733,0.343,7.54360846109919,0.484
422,"NUEVA ECIJA","2007",5.28559498734578,0.558641975308642,6.25,0.635564399558026,0.255,6.32039501415858,0.53,0.468842729970326,12.4833333333333,5.0860994900259,0.674319665396854,0.221,6.04705730158159,0.535
423,"NUEVA ECIJA","2010",5.45506566052388,0.588921282798834,7.51666666666667,0.63634922263262,0.208,6.63800167424166,0.55,0.558641975308642,6.25,5.28559498734578,0.635564399558026,0.255,6.32039501415858,0.53
424,"NUEVA ECIJA","2013",4.99733187598483,0.5,9.5,0.647847002607518,0.207,6.75945619467665,0.582,0.588921282798834,7.51666666666667,5.45506566052388,0.63634922263262,0.208,6.63800167424166,0.55
425,"NUEVA ECIJA","2016",5.40618091549605,0.549549549549549,5.97619047619048,0.626865318132862,0.085,7.02184854513698,0.603,0.5,9.5,4.99733187598483,0.647847002607518,0.207,6.75945619467665,0.582
426,"NUEVA ECIJA","2019",5.39007488356484,0.559171597633136,6.04166666666667,0.653471187264087,0.139,7.31883056523701,0.67,0.549549549549549,5.97619047619048,5.40618091549605,0.626865318132862,0.085,7.02184854513698,0.603
429,"NUEVA VIZCAYA","2007",4.79748290157952,0.187096774193548,3.83333333333333,0.827032493743014,0.066,7.10316054948358,0.635,0.222222222222222,4.58333333333333,4.91794241304171,0.832465196803823,0.079,6.79786039872477,0.646
430,"NUEVA VIZCAYA","2010",4.71740931647899,0.193939393939394,6.66666666666667,0.832626760851065,0.034,7.50213239132082,0.664,0.187096774193548,3.83333333333333,4.79748290157952,0.827032493743014,0.066,7.10316054948358,0.635
431,"NUEVA VIZCAYA","2013",4.79646252273524,0.182926829268293,5.66666666666667,0.847436864777804,0.154,7.61359915429698,0.663,0.193939393939394,6.66666666666667,4.71740931647899,0.832626760851065,0.034,7.50213239132082,0.664
432,"NUEVA VIZCAYA","2016",4.86013395002784,0.231707317073171,7.30952380952381,0.779959636102371,0.161,7.88986830884961,0.655,0.182926829268293,5.66666666666667,4.79646252273524,0.847436864777804,0.154,7.61359915429698,0.663
433,"NUEVA VIZCAYA","2019",4.79017781742075,0.186666666666667,7.08333333333333,0.807303570776368,0.153,8.17155876490795,0.69,0.231707317073171,7.30952380952381,4.86013395002784,0.779959636102371,0.161,7.88986830884961,0.655
436,"OCCIDENTAL MINDORO","2007",5.70934854833454,0.362903225806452,1,0.787446613929407,0.267,7.06930378897518,0.492,0.25,4.16666666666667,5.02248488502968,0.791745689299669,0.311,6.89656060205442,0.517
437,"OCCIDENTAL MINDORO","2010",5.51786389245218,0.346774193548387,3.16666666666667,0.755211740198702,0.255,7.35416554714537,0.568,0.362903225806452,1,5.70934854833454,0.787446613929407,0.267,7.06930378897518,0.492
438,"OCCIDENTAL MINDORO","2013",5.67414809148067,0.365853658536585,3.36666666666667,0.79624899174305,0.417,7.69162018423982,0.554,0.346774193548387,3.16666666666667,5.51786389245218,0.755211740198702,0.255,7.35416554714537,0.568
439,"OCCIDENTAL MINDORO","2016",5.61728730009739,0.357723577235772,4.83333333333333,0.811347743795259,0.217,7.76840396317538,0.607,0.365853658536585,3.36666666666667,5.67414809148067,0.79624899174305,0.417,7.69162018423982,0.554
440,"OCCIDENTAL MINDORO","2019",5.84774823053094,0.352459016393443,2.66666666666667,0.781759027275955,0.303,8.08094398171078,0.61,0.357723577235772,4.83333333333333,5.61728730009739,0.811347743795259,0.217,7.76840396317538,0.607
443,"ORIENTAL MINDORO","2007",4.97552126393069,0.29940119760479,4.75,0.742072350044707,0.306,6.60698331962203,0.452,0.128205128205128,3.66666666666667,4.61802914141692,0.866647441465652,0.369,6.41216467995184,0.5
444,"ORIENTAL MINDORO","2010",4.99313194465339,0.290909090909091,7.00952380952381,0.780350386157472,0.219,6.94213994420634,0.519,0.29940119760479,4.75,4.97552126393069,0.742072350044707,0.306,6.60698331962203,0.452
445,"ORIENTAL MINDORO","2013",4.90286144118322,0.271084337349398,8.16666666666667,0.782780672298664,0.224,7.10157365007505,0.572,0.290909090909091,7.00952380952381,4.99313194465339,0.780350386157472,0.219,6.94213994420634,0.519
446,"ORIENTAL MINDORO","2016",5.06814970985113,0.33974358974359,3.75,0.711371213333431,0.108,7.37505616786341,0.63,0.271084337349398,8.16666666666667,4.90286144118322,0.782780672298664,0.224,7.10157365007505,0.572
447,"ORIENTAL MINDORO","2019",4.88723739845745,0.304878048780488,8.16666666666667,0.639184824788968,0.181,7.86614963327654,0.62,0.33974358974359,3.75,5.06814970985113,0.711371213333431,0.108,7.37505616786341,0.63
450,"PALAWAN","2007",4.88486119842411,0.298245614035088,5.93333333333333,0.81721827777806,0.215,6.81303970755321,0.505,0.268199233716475,9.83333333333333,4.76453454659781,0.845638286058801,0.261,6.75393016276996,0.482
451,"PALAWAN","2010",4.93896658907008,0.33203125,7.2,0.785935233118299,0.167,7.50361636670671,0.509,0.298245614035088,5.93333333333333,4.88486119842411,0.81721827777806,0.215,6.81303970755321,0.505
452,"PALAWAN","2013",5.00260015570672,0.334661354581673,6.16666666666667,0.766040462458898,0.176,7.3493647834861,0.603,0.33203125,7.2,4.93896658907008,0.785935233118299,0.167,7.50361636670671,0.509
453,"PALAWAN","2016",4.93624514826998,0.319502074688797,9.08333333333333,0.765028709958427,0.121,7.58239441496197,0.699,0.334661354581673,6.16666666666667,5.00260015570672,0.766040462458898,0.176,7.3493647834861,0.603
454,"PALAWAN","2019",4.72679349884013,0.308,11.0277777777778,0.772835882059446,0.138,7.83159170198827,0.66,0.319502074688797,9.08333333333333,4.93624514826998,0.765028709958427,0.121,7.58239441496197,0.699
457,"PAMPANGA","2007",5.77000079385382,0.606060606060606,6.25,0.632032912287682,0.046,6.20701295984107,0.716,0.510288065843621,5,5.37436166413201,0.655465939896762,0.015,5.85097449018425,0.686
458,"PAMPANGA","2010",5.85167509689691,0.648068669527897,3.58333333333333,0.58605980627906,0.05,6.43409091565816,0.667,0.606060606060606,6.25,5.77000079385382,0.632032912287682,0.046,6.20701295984107,0.716
459,"PAMPANGA","2013",5.7238874705966,0.586776859504132,6.83333333333333,0.661748459998283,0.046,6.6268513036415,0.726,0.648068669527897,3.58333333333333,5.85167509689691,0.58605980627906,0.05,6.43409091565816,0.667
460,"PAMPANGA","2016",5.68754016855478,0.673469387755102,4.66666666666667,0.584507759290265,0.03,6.94294089669205,0.765,0.586776859504132,6.83333333333333,5.7238874705966,0.661748459998283,0.046,6.6268513036415,0.726
461,"PAMPANGA","2019",5.86017650617945,0.642857142857143,5.91666666666667,0.629863681269809,0.049,7.18595119200902,0.76,0.673469387755102,4.66666666666667,5.68754016855478,0.584507759290265,0.03,6.94294089669205,0.765
464,"PANGASINAN","2007",5.33644957576353,0.572916666666667,12.6666666666667,0.670582083482052,0.19,6.30910563885184,0.535,0.477495107632094,18.2166666666667,4.82914078494656,0.697994160379106,0.25,6.03353722296018,0.571
465,"PANGASINAN","2010",5.22814788110114,0.608187134502924,14.5928571428571,0.630818914310995,0.174,6.60591868249839,0.601,0.572916666666667,12.6666666666667,5.33644957576353,0.670582083482052,0.19,6.30910563885184,0.535
466,"PANGASINAN","2013",5.00503583960778,0.577075098814229,11.7261904761905,0.676636143004083,0.228,6.88521644340801,0.596,0.608187134502924,14.5928571428571,5.22814788110114,0.630818914310995,0.174,6.60591868249839,0.601
467,"PANGASINAN","2016",5.34619660611088,0.617821782178218,8.96666666666667,0.672425806686581,0.129,7.03524900049749,0.643,0.577075098814229,11.7261904761905,5.00503583960778,0.676636143004083,0.228,6.88521644340801,0.596
468,"PANGASINAN","2019",5.15108288413114,0.563492063492063,15.2916666666667,0.689351959006435,0.179,7.2343170379346,0.65,0.617821782178218,8.96666666666667,5.34619660611088,0.672425806686581,0.129,7.03524900049749,0.643
471,"QUEZON","2007",4.58270157966584,0.409313725490196,12.75,0.728596212120061,0.245,6.55613135030398,0.453,0.314634146341463,14.8166666666667,4.49088103958596,0.812566904235391,0.279,6.32977608474896,0.498
472,"QUEZON","2010",4.32008506558684,0.39047619047619,15.8666666666667,0.701408264153178,0.226,6.80197861130062,0.519,0.409313725490196,12.75,4.58270157966584,0.728596212120061,0.245,6.55613135030398,0.453
473,"QUEZON","2013",4.55766869762037,0.384615384615385,14.4166666666667,0.743674295334782,0.244,6.91670121847442,0.551,0.39047619047619,15.8666666666667,4.32008506558684,0.701408264153178,0.226,6.80197861130062,0.519
474,"QUEZON","2016",4.64121408695002,0.427553444180522,11.1428571428571,0.715536772646789,0.135,7.20210429315669,0.592,0.384615384615385,14.4166666666667,4.55766869762037,0.743674295334782,0.244,6.91670121847442,0.551
475,"QUEZON","2019",4.28838230867834,0.385438972162741,19.3666666666667,0.697321596930689,0.216,7.54857610594309,0.68,0.427553444180522,11.1428571428571,4.64121408695002,0.715536772646789,0.135,7.20210429315669,0.592
478,"QUIRINO","2007",5.35481589701439,0.150684931506849,4.16666666666667,0.795404236882254,0.078,7.61548600728171,0.569,0.112676056338028,3.16666666666667,5.28485552547896,0.867727973845171,0.04,7.39393105624327,0.584
479,"QUIRINO","2010",5.44255378535332,0.150684931506849,3.16666666666667,0.830857902990025,0.134,7.96195293287502,0.619,0.150684931506849,4.16666666666667,5.35481589701439,0.795404236882254,0.078,7.61548600728171,0.569
480,"QUIRINO","2013",5.50092579157523,0.164383561643836,2.16666666666667,0.804707885717302,0.284,8.04008378510816,0.577,0.150684931506849,3.16666666666667,5.44255378535332,0.830857902990025,0.134,7.96195293287502,0.619
481,"QUIRINO","2016",5.4541637742856,0.125,2.83333333333333,0.870131665080719,0.126,8.46311582615007,0.566,0.164383561643836,2.16666666666667,5.50092579157523,0.804707885717302,0.284,8.04008378510816,0.577
482,"QUIRINO","2019",5.27460083993072,0.2,5.16666666666667,0.742458628597777,0.091,8.71327541002836,0.63,0.125,2.83333333333333,5.4541637742856,0.870131665080719,0.126,8.46311582615007,0.566
485,"RIZAL","2007",5.33552150343488,0.380645161290322,5.73333333333333,0.714473657400593,0.057,6.40510609930565,0.761,0.25,4,4.87305270978607,0.785484290005778,0.019,6.31421121745366,0.738
486,"RIZAL","2010",5.36222697482648,0.424242424242424,5.91666666666667,0.65858584323746,0.035,6.62675093095016,0.744,0.380645161290322,5.73333333333333,5.33552150343488,0.714473657400593,0.057,6.40510609930565,0.761
487,"RIZAL","2013",5.5079253455752,0.439759036144578,7.14285714285714,0.704370330850458,0.061,6.72822542571512,0.798,0.424242424242424,5.91666666666667,5.36222697482648,0.65858584323746,0.035,6.62675093095016,0.744
488,"RIZAL","2016",5.48503785650772,0.426829268292683,7.5,0.730475953322945,0.045,7.02580034963768,0.795,0.439759036144578,7.14285714285714,5.5079253455752,0.704370330850458,0.061,6.72822542571512,0.798
489,"RIZAL","2019",5.60564139446832,0.348993288590604,5.03333333333333,0.782982637418155,0.069,7.30565135275203,0.82,0.426829268292683,7.5,5.48503785650772,0.730475953322945,0.045,7.02580034963768,0.795
492,"ROMBLON","2007",5.15561745829448,0.37037037037037,5.83333333333333,0.692927305089549,0.33,7.02023503172641,0.387,0.230769230769231,7.25,4.60609855873157,0.767158398776846,0.404,6.80275809886551,0.433
493,"ROMBLON","2010",5.08071936475137,0.39344262295082,6.53333333333333,0.658975233587846,0.32,7.32692578228868,0.465,0.37037037037037,5.83333333333333,5.15561745829448,0.692927305089549,0.33,7.02023503172641,0.387
494,"ROMBLON","2013",5.42351289446101,0.410714285714286,5,0.660978836862331,0.386,7.45656172158851,0.515,0.39344262295082,6.53333333333333,5.08071936475137,0.658975233587846,0.32,7.32692578228868,0.465
495,"ROMBLON","2016",5.03561791298362,0.370165745856354,6.83333333333333,0.668518947816543,0.283,7.77678775799134,0.632,0.410714285714286,5,5.42351289446101,0.660978836862331,0.386,7.45656172158851,0.515
496,"ROMBLON","2019",5.18261302503288,0.427777777777778,7.16666666666667,0.627650299038898,0.401,7.99950930443498,0.58,0.370165745856354,6.83333333333333,5.03561791298362,0.668518947816543,0.283,7.77678775799134,0.632
499,"SAMAR","2007",4.81316329485371,0.389285714285714,10.8,0.760193061991477,0.354,6.70230451525305,0.511,0.285714285714286,9.66666666666667,4.652714609387,0.795508788910741,0.324,6.49852676187566,0.455
500,"SAMAR","2010",5.1503932550593,0.367003367003367,8.66666666666667,0.844479668366019,0.41,7.2859967566582,0.486,0.389285714285714,10.8,4.81316329485371,0.760193061991477,0.354,6.70230451525305,0.511
501,"SAMAR","2013",5.12005077935198,0.396666666666667,10.4583333333333,0.831413731518971,0.492,7.20389536388814,0.434,0.367003367003367,8.66666666666667,5.1503932550593,0.844479668366019,0.41,7.2859967566582,0.486
502,"SAMAR","2016",5.04898547370205,0.4,10.2166666666667,0.823300315219993,0.292,7.41839248219809,0.545,0.396666666666667,10.4583333333333,5.12005077935198,0.831413731518971,0.492,7.20389536388814,0.434
503,"SAMAR","2019",5.29388013881849,0.348684210526316,13.5,0.852754284659909,0.339,7.67746729858942,0.56,0.4,10.2166666666667,5.04898547370205,0.823300315219993,0.292,7.41839248219809,0.545
506,"SARANGANI","2007",5.13928530570327,0.0833333333333333,1.75,0.897941081064348,0.49,6.78601353701492,0.347,0.120481927710843,3.66666666666667,5.17601309855204,0.838528074495086,0.418,6.59239426413258,0.341
507,"SARANGANI","2010",5.26026352801951,0.119047619047619,2.75,0.878747727067417,0.456,7.0965523633847,0.365,0.0833333333333333,1.75,5.13928530570327,0.897941081064348,0.49,6.78601353701492,0.347
508,"SARANGANI","2013",5.54870082491758,0.16,4.08333333333333,0.82196075409458,0.532,7.18065003651689,0.447,0.119047619047619,2.75,5.26026352801951,0.878747727067417,0.456,7.0965523633847,0.365
509,"SARANGANI","2016",5.59025161329573,0.178082191780822,2.75,0.817585737285362,0.419,7.46804224619777,0.407,0.16,4.08333333333333,5.54870082491758,0.82196075409458,0.532,7.18065003651689,0.447
510,"SARANGANI","2019",5.33286770717381,0.149425287356322,5.3,0.802564656543812,0.411,7.84045661881283,0.57,0.178082191780822,2.75,5.59025161329573,0.817585737285362,0.419,7.46804224619777,0.407
513,"SIQUIJOR","2007",5.98630575233592,0.309859154929577,1.4,0.736192415935296,0.19,7.68363079108191,0.605,0.267605633802817,1.33333333333333,5.87260756132257,0.750037036464517,0.114,7.47341281077095,0.385
514,"SIQUIJOR","2010",5.97785745616981,0.318840579710145,1.23333333333333,0.74133712930455,0.035,8.08944418313686,0.502,0.309859154929577,1.4,5.98630575233592,0.736192415935296,0.19,7.68363079108191,0.605
515,"SIQUIJOR","2013",5.67317273698548,0.289855072463768,4.5,0.719306984635844,0.51,8.22710738911924,0.714,0.318840579710145,1.23333333333333,5.97785745616981,0.74133712930455,0.035,8.08944418313686,0.502
516,"SIQUIJOR","2016",5.85328567928863,0.27536231884058,1.75,0.768466551784308,0.104,8.44838797617789,0.426,0.289855072463768,4.5,5.67317273698548,0.719306984635844,0.51,8.22710738911924,0.714
517,"SIQUIJOR","2019",6.01416413462409,0.327586206896552,3,0.654361032441475,0.034,8.66291099196953,0.73,0.27536231884058,1.75,5.85328567928863,0.768466551784308,0.104,8.44838797617789,0.426
520,"SORSOGON","2007",5.01396000890204,0.226027397260274,3.83333333333333,0.783680248341797,0.333,6.56797435380288,0.465,0.197604790419162,5.16666666666667,4.79937233094382,0.831692273449613,0.337,6.461723976759,0.512
521,"SORSOGON","2010",4.74373549756228,0.221556886227545,7.36666666666667,0.806044675477837,0.323,6.83561527607525,0.515,0.226027397260274,3.83333333333333,5.01396000890204,0.783680248341797,0.333,6.56797435380288,0.465
522,"SORSOGON","2013",4.81771901840214,0.236363636363636,5.86666666666667,0.778427090200798,0.569,6.97381346422008,0.484,0.221556886227545,7.36666666666667,4.74373549756228,0.806044675477837,0.323,6.83561527607525,0.515
523,"SORSOGON","2016",4.77465480492385,0.227544910179641,6.25,0.77459113071651,0.261,7.36850375739357,0.481,0.236363636363636,5.86666666666667,4.81771901840214,0.778427090200798,0.569,6.97381346422008,0.484
524,"SORSOGON","2019",4.83768794435522,0.236024844720497,7.33333333333333,0.79617813687296,0.3,7.54575304724761,0.58,0.227544910179641,6.25,4.77465480492385,0.77459113071651,0.261,7.36850375739357,0.481
527,"SOUTH COTABATO","2007",4.70375081157199,0.141791044776119,4.33333333333333,0.822428875651539,0.258,6.15283432017836,0.553,0.117647058823529,2.16666666666667,4.67154914819459,0.849156489478815,0.267,5.95343963605829,0.59
528,"SOUTH COTABATO","2010",4.72190812761856,0.151515151515151,6,0.789372525853463,0.246,6.45102611590105,0.625,0.141791044776119,4.33333333333333,4.70375081157199,0.822428875651539,0.258,6.15283432017836,0.553
529,"SOUTH COTABATO","2013",4.68383358939776,0.135338345864662,3.5,0.810504444061169,0.229,6.60061925460785,0.626,0.151515151515151,6,4.72190812761856,0.789372525853463,0.246,6.45102611590105,0.625
530,"SOUTH COTABATO","2016",4.64376318508396,0.116788321167883,2.66666666666667,0.869753556544226,0.18,6.93870841936191,0.661,0.135338345864662,3.5,4.68383358939776,0.810504444061169,0.229,6.60061925460785,0.626
531,"SOUTH COTABATO","2019",4.8027198583718,0.152,5.16666666666667,0.822349189603764,0.167,7.18185954986702,0.67,0.116788321167883,2.66666666666667,4.64376318508396,0.869753556544226,0.18,6.93870841936191,0.661
534,"SOUTHERN LEYTE","2007",4.94254635658798,0.315789473684211,5.36666666666667,0.777331945681013,0.345,6.90542742282618,0.486,0.223255813953488,5.05,4.696544511163,0.836688138443157,0.274,6.88758481094084,0.449
535,"SOUTHERN LEYTE","2010",4.9344198857173,0.3,3.2,0.801758895594514,0.316,7.31755510925933,0.495,0.315789473684211,5.36666666666667,4.94254635658798,0.777331945681013,0.345,6.90542742282618,0.486
536,"SOUTHERN LEYTE","2013",5.14039587433398,0.313636363636364,8.28333333333333,0.811459468599482,0.409,7.51761131064183,0.546,0.3,3.2,4.9344198857173,0.801758895594514,0.316,7.31755510925933,0.495
537,"SOUTHERN LEYTE","2016",5.13825542655781,0.310185185185185,7.5,0.790471227674896,0.237,7.85876854775136,0.547,0.313636363636364,8.28333333333333,5.14039587433398,0.811459468599482,0.409,7.51761131064183,0.546
538,"SOUTHERN LEYTE","2019",5.37473321870611,0.288288288288288,6.25,0.784896050482535,0.215,7.99335947102266,0.61,0.310185185185185,7.5,5.13825542655781,0.790471227674896,0.237,7.85876854775136,0.547
541,"SULTAN KUDARAT","2007",5.02114934431003,0.196850393700787,4.33333333333333,0.848694234156831,0.425,6.64629805291092,0.41,0.181102362204724,3.5,4.98719983215377,0.84151748900202,0.43,6.45596973933513,0.407
542,"SULTAN KUDARAT","2010",4.99594499199859,0.221428571428571,7.16666666666667,0.790868759478586,0.376,7.40048920527244,0.467,0.196850393700787,4.33333333333333,5.02114934431003,0.848694234156831,0.425,6.64629805291092,0.41
543,"SULTAN KUDARAT","2013",5.14027184245924,0.2,4.91666666666667,0.854241286364421,0.498,7.04770341358766,0.451,0.221428571428571,7.16666666666667,4.99594499199859,0.790868759478586,0.376,7.40048920527244,0.467
544,"SULTAN KUDARAT","2016",5.3502703383856,0.295774647887324,7.94047619047619,0.792592951685232,0.315,7.33789333509708,0.494,0.2,4.91666666666667,5.14027184245924,0.854241286364421,0.498,7.04770341358766,0.451
545,"SULTAN KUDARAT","2019",5.18527158861813,0.231343283582089,7.13888888888889,0.834923063991625,0.302,7.60061487619395,0.56,0.295774647887324,7.94047619047619,5.3502703383856,0.792592951685232,0.315,7.33789333509708,0.494
555,"SURIGAO DEL NORTE","2007",4.57844301808287,0.230392156862745,5.91666666666667,0.773828061043037,0.52,6.69293375794014,0.483,0.24822695035461,10.3333333333333,4.43145265512693,0.813264352480345,0.457,6.64084206739537,0.462
556,"SURIGAO DEL NORTE","2010",4.94137592021983,0.342222222222222,8,0.764226739823592,0.374,7.40544399621126,0.475,0.230392156862745,5.91666666666667,4.57844301808287,0.773828061043037,0.52,6.69293375794014,0.483
557,"SURIGAO DEL NORTE","2013",4.9710312604671,0.333333333333333,6.5,0.77720187302084,0.372,7.43145790908175,0.513,0.342222222222222,8,4.94137592021983,0.764226739823592,0.374,7.40544399621126,0.475
558,"SURIGAO DEL NORTE","2016",4.99027935275054,0.334883720930232,7,0.767840284805083,0.344,7.64592605097893,0.577,0.333333333333333,6.5,4.9710312604671,0.77720187302084,0.372,7.43145790908175,0.513
559,"SURIGAO DEL NORTE","2019",5.05603376348761,0.317757009345794,9.91666666666667,0.785321586970564,0.276,7.81114566525726,0.57,0.334883720930232,7,4.99027935275054,0.767840284805083,0.344,7.64592605097893,0.577
562,"SURIGAO DEL SUR","2007",5.18053433089165,0.382775119617225,4.91666666666667,0.756021435699071,0.474,6.86057329566641,0.466,0.287804878048781,8.36666666666667,4.90033706560133,0.794129056025646,0.375,6.63664391916512,0.42
563,"SURIGAO DEL SUR","2010",5.49676058564859,0.480952380952381,4.83333333333333,0.712105270311784,0.29,7.19539863018426,0.455,0.382775119617225,4.91666666666667,5.18053433089165,0.756021435699071,0.474,6.86057329566641,0.466
564,"SURIGAO DEL SUR","2013",5.28065988726187,0.416267942583732,6.66666666666667,0.744583612046911,0.406,7.32357614531764,0.552,0.480952380952381,4.83333333333333,5.49676058564859,0.712105270311784,0.29,7.19539863018426,0.455
565,"SURIGAO DEL SUR","2016",5.18672131050948,0.376190476190476,6.33333333333333,0.805178644698921,0.254,7.57657136767022,0.541,0.416267942583732,6.66666666666667,5.28065988726187,0.744583612046911,0.406,7.32357614531764,0.552
566,"SURIGAO DEL SUR","2019",5.30328110259416,0.37378640776699,6.58333333333333,0.775464536561477,0.312,7.79066871773308,0.6,0.376190476190476,6.33333333333333,5.18672131050948,0.805178644698921,0.254,7.57657136767022,0.541
569,"TARLAC","2007",5.28103353835473,0.445,7.77380952380952,0.681699182272571,0.131,6.45485622283006,0.598,0.365482233502538,6.70833333333333,5.02859148730445,0.694693546974971,0.135,6.20521198609356,0.599
570,"TARLAC","2010",5.45808628064674,0.462311557788945,4.47619047619048,0.672429345950355,0.125,6.76829367243166,0.598,0.445,7.77380952380952,5.28103353835473,0.681699182272571,0.131,6.45485622283006,0.598
571,"TARLAC","2013",5.41809422157276,0.460732984293194,4,0.675436883985825,0.168,6.97119756603713,0.671,0.462311557788945,4.47619047619048,5.45808628064674,0.672429345950355,0.125,6.76829367243166,0.598
572,"TARLAC","2016",5.38435170388984,0.434343434343434,4.16666666666667,0.702388649749218,0.105,7.07208234925768,0.644,0.460732984293194,4,5.41809422157276,0.675436883985825,0.168,6.97119756603713,0.671
573,"TARLAC","2019",5.28592361552026,0.393939393939394,6.63333333333333,0.678779995531683,0.119,7.32126833662576,0.72,0.434343434343434,4.16666666666667,5.38435170388984,0.702388649749218,0.105,7.07208234925768,0.644
582,"ZAMBALES","2007",5.03598502087912,0.267123287671233,5.83333333333333,0.727355697744706,0.125,6.59062795464706,0.583,0.16551724137931,4.7,4.79585448206686,0.831955283524432,0.164,6.36184709642602,0.553
583,"ZAMBALES","2010",4.8737013633422,0.216783216783217,5.33333333333333,0.785811502465721,0.069,6.87075268770463,0.596,0.267123287671233,5.83333333333333,5.03598502087912,0.727355697744706,0.125,6.59062795464706,0.583
584,"ZAMBALES","2013",5.05352493795018,0.220689655172414,3.66666666666667,0.830120037005668,0.168,7.06875239921536,0.534,0.216783216783217,5.33333333333333,4.8737013633422,0.785811502465721,0.069,6.87075268770463,0.596
585,"ZAMBALES","2016",4.97776203552697,0.224358974358974,4.5,0.803118871748574,0.152,7.27883856700076,0.652,0.220689655172414,3.66666666666667,5.05352493795018,0.830120037005668,0.168,7.06875239921536,0.534
586,"ZAMBALES","2019",4.85779380182878,0.20979020979021,4.75,0.791703974091344,0.244,7.70091671599037,0.69,0.224358974358974,4.5,4.97776203552697,0.803118871748574,0.152,7.27883856700076,0.652
589,"ZAMBOANGA DEL NORTE","2007",4.69462210110721,0.238461538461539,5.96666666666667,0.845252163588671,0.618,6.80191462774434,0.38,0.197916666666667,10,4.43219357683433,0.848935953738173,0.568,6.70429811413978,0.322
590,"ZAMBOANGA DEL NORTE","2010",4.68563443134226,0.298969072164949,9.91666666666667,0.804220797633284,0.452,7.17277278433711,0.362,0.238461538461539,5.96666666666667,4.69462210110721,0.845252163588671,0.618,6.80191462774434,0.38
591,"ZAMBOANGA DEL NORTE","2013",4.87804887444531,0.282051282051282,8.41666666666667,0.821927140744793,0.605,7.1199987023607,0.445,0.298969072164949,9.91666666666667,4.68563443134226,0.804220797633284,0.452,7.17277278433711,0.362
592,"ZAMBOANGA DEL NORTE","2016",4.65827567724867,0.245210727969349,10.6761904761905,0.826759942930731,0.454,7.46569574892716,0.459,0.282051282051282,8.41666666666667,4.87804887444531,0.821927140744793,0.605,7.1199987023607,0.445
593,"ZAMBOANGA DEL NORTE","2019",4.64044618116453,0.253472222222222,10.2916666666667,0.834003219046728,0.508,7.60893872359897,0.64,0.245210727969349,10.6761904761905,4.65827567724867,0.826759942930731,0.454,7.46569574892716,0.459
596,"ZAMBOANGA DEL SUR","2007",4.2100591503565,0.244147157190635,12.9166666666667,0.766501467479156,0.264,6.45343053400137,0.584,0.17687074829932,11.3333333333333,4.06645319242298,0.815531355470692,0.264,6.03595946992131,0.546
597,"ZAMBOANGA DEL SUR","2010",4.30191913634085,0.267741935483871,12.25,0.77668103308507,0.265,6.78759588003477,0.596,0.244147157190635,12.9166666666667,4.2100591503565,0.766501467479156,0.264,6.45343053400137,0.584
598,"ZAMBOANGA DEL SUR","2013",4.25327402120346,0.225589225589226,13.2333333333333,0.816351785161274,0.253,7.06874285190172,0.587,0.267741935483871,12.25,4.30191913634085,0.77668103308507,0.265,6.78759588003477,0.596
599,"ZAMBOANGA DEL SUR","2016",4.39972621177328,0.229166666666667,9.95833333333333,0.830096043558773,0.237,7.46827921328493,0.642,0.225589225589226,13.2333333333333,4.25327402120346,0.816351785161274,0.253,7.06874285190172,0.587
600,"ZAMBOANGA DEL SUR","2019",4.18095903505887,0.220689655172414,12.4166666666667,0.775097795893015,0.183,7.52949231881251,0.64,0.229166666666667,9.95833333333333,4.39972621177328,0.830096043558773,0.237,7.46827921328493,0.642
603,"ZAMBOANGA SIBUGAY","2007",4.60969508058638,0.161849710982659,5,0.811632500095769,0.455,6.01896910588401,0.513,0.132947976878613,5.66666666666667,4.51879694359752,0.831914740115661,0.4,5.71665703831125,0.462
604,"ZAMBOANGA SIBUGAY","2010",4.68234711036354,0.165714285714286,5.5,0.81148744498998,0.369,6.56747282908883,0.468,0.161849710982659,5,4.60969508058638,0.811632500095769,0.455,6.01896910588401,0.513
605,"ZAMBOANGA SIBUGAY","2013",4.7246921463209,0.177142857142857,7.5,0.819156143469049,0.361,6.65740389869304,0.507,0.165714285714286,5.5,4.68234711036354,0.81148744498998,0.369,6.56747282908883,0.468
606,"ZAMBOANGA SIBUGAY","2016",4.71542507710357,0.168604651162791,6.75,0.845490605483559,0.354,7.03101165255923,0.551,0.177142857142857,7.5,4.7246921463209,0.819156143469049,0.361,6.65740389869304,0.507
607,"ZAMBOANGA SIBUGAY","2019",4.76381487431151,0.187134502923977,6.61666666666667,0.830771803812529,0.34,7.23367420262871,0.59,0.168604651162791,6.75,4.71542507710357,0.845490605483559,0.354,7.03101165255923,0.551
